Date,Name,Year,Letterboxd URI,Rating,Rewatch,Tags,Watched Date
2023-07-22,Ace Ventura: Pet Detective,1994,https://boxd.it/4yvGnh,4,,,2023-07-21
2023-07-22,Ace Ventura: When Nature Calls,1995,https://boxd.it/4yvGJH,4,,,2023-07-21
2023-07-22,The Amazing Spider-Man,2012,https://boxd.it/4yvH67,3.5,,,2023-07-21
2023-07-22,The Amazing Spider-Man 2,2014,https://boxd.it/4yvHyl,3.5,,,2023-07-21
2023-07-22,Austin Powers: International Man of Mystery,1997,https://boxd.it/4yvI63,4.5,,,2023-07-21
2023-07-22,Austin Powers: The Spy Who Shagged Me,1999,https://boxd.it/4yvILv,4.5,,,2023-07-21
2023-07-22,Austin Powers in Goldmember,2002,https://boxd.it/4yvJif,4.5,,,2023-07-21
2023-07-22,The Aviator,2004,https://boxd.it/4yvLIp,,,,2023-07-21
2023-07-22,Bad Words,2013,https://boxd.it/4yvM9F,4.5,,,2023-07-21
2023-07-22,Beverly Hills Cop,1984,https://boxd.it/4yvN7F,4,,,2023-07-21
2023-07-22,Beverly Hills Cop II,1987,https://boxd.it/4yvNkf,3,,,2023-07-21
2023-07-22,Beverly Hills Cop III,1994,https://boxd.it/4yvNBv,3,,,2023-07-21
2023-07-22,Blades of Glory,2007,https://boxd.it/4yvNXh,,,,2023-07-21
2023-07-22,Christmas with the Kranks,2004,https://boxd.it/4yvOhh,4,,,2023-07-21
2023-07-22,Cloudy with a Chance of Meatballs,2009,https://boxd.it/4yvOCz,3,,,2023-07-21
2023-07-22,Cloudy with a Chance of Meatballs 2,2013,https://boxd.it/4yvOL7,3,,,2023-07-21
2023-07-22,Dan in Real Life,2007,https://boxd.it/4yvP8F,2.5,,,2023-07-21
2023-07-22,Batman Begins,2005,https://boxd.it/4yvPE7,3,,,2023-07-21
2023-07-22,The Dark Knight,2008,https://boxd.it/4yvPNt,4,,,2023-07-21
2023-07-22,The Dark Knight Rises,2012,https://boxd.it/4yvPUz,4,,,2023-07-21
2023-07-22,The Departed,2006,https://boxd.it/4yvQoz,4.5,,,2023-07-21
2023-07-22,The Dictator,2012,https://boxd.it/4yvQAb,5,,,2023-07-21
2023-07-22,Dumb and Dumber,1994,https://boxd.it/4yvQST,4.5,,,2023-07-21
2023-07-22,Dumb and Dumber To,2014,https://boxd.it/4yvR6r,4,,,2023-07-21
2023-07-22,Elysium,2013,https://boxd.it/4yvRhp,3.5,,,2023-07-21
2023-07-22,The Emperor's New Groove,2000,https://boxd.it/4yvRWR,4.5,,,2023-07-21
2023-07-22,The Equalizer,2014,https://boxd.it/4yvT8z,4,,,2023-07-21
2023-07-22,The Equalizer 2,2018,https://boxd.it/4yvTiz,4,,,2023-07-21
2023-07-22,The Family Man,2000,https://boxd.it/4yvTAD,2.5,,,2023-07-21
2023-07-22,Fantastic Four,2005,https://boxd.it/4yvU7d,3.5,,,2023-07-21
2023-07-22,Father of the Bride,1991,https://boxd.it/4yvVWL,3.5,,,2023-07-21
2023-07-22,Father of the Bride Part II,1995,https://boxd.it/4yvW75,3.5,,,2023-07-21
2023-07-22,Forrest Gump,1994,https://boxd.it/4yvWmT,4,,,2023-07-21
2023-07-22,Four Christmases,2008,https://boxd.it/4yvWFr,4,,,2023-07-21
2023-07-22,Get Smart,2008,https://boxd.it/4yvWYD,3,,,2023-07-21
2023-07-22,G.I. Joe: The Rise of Cobra,2009,https://boxd.it/4yvXw1,3,,,2023-07-21
2023-07-22,G.I. Joe: Retaliation,2013,https://boxd.it/4yvXGF,2.5,,,2023-07-21
2023-07-22,Snake Eyes: G.I. Joe Origins,2021,https://boxd.it/4yvXTf,1.5,,,2023-07-21
2023-07-22,The Green Hornet,2011,https://boxd.it/4yvYe3,4.5,,,2023-07-21
2023-07-22,The Hangover,2009,https://boxd.it/4yvYJZ,4.5,,,2023-07-21
2023-07-22,The Hangover Part II,2011,https://boxd.it/4yvYSx,4.5,,,2023-07-21
2023-07-22,The Hangover Part III,2013,https://boxd.it/4yvZ2x,4,,,2023-07-21
2023-07-22,The Heat,2013,https://boxd.it/4yw1tv,4.5,,,2023-07-21
2023-07-22,Hitch,2005,https://boxd.it/4yw1Qz,3.5,,,2023-07-21
2023-07-22,The Hunger Games,2012,https://boxd.it/4yw2eB,4,,,2023-07-21
2023-07-22,The Hunger Games: Catching Fire,2013,https://boxd.it/4yw2qx,4,,,2023-07-21
2023-07-22,The Hunger Games: Mockingjay – Part 1,2014,https://boxd.it/4yw2D7,3.5,,,2023-07-21
2023-07-22,The Hunger Games: Mockingjay – Part 2,2015,https://boxd.it/4yw2Mt,3.5,,,2023-07-21
2023-07-22,Jackass: The Movie,2002,https://boxd.it/4yw33z,4.5,,,2023-07-21
2023-07-22,Jackass Number Two,2006,https://boxd.it/4yw3ed,4.5,,,2023-07-21
2023-07-22,Jackass 3D,2010,https://boxd.it/4yw3pP,4.5,,,2023-07-21
2023-07-22,Jackass Forever,2022,https://boxd.it/4yw3GV,,,,2023-07-21
2023-07-22,Joe Dirt,2001,https://boxd.it/4yw3Xn,5,,,2023-07-21
2023-07-22,Joe Dirt 2: Beautiful Loser,2015,https://boxd.it/4yw449,3.5,,,2023-07-21
2023-07-22,John Wick,2014,https://boxd.it/4yw4lT,4.5,,,2023-07-21
2023-07-22,John Wick: Chapter 2,2017,https://boxd.it/4yw4yN,4.5,,,2023-07-21
2023-07-22,John Wick: Chapter 3 – Parabellum,2019,https://boxd.it/4yw4M1,,,,2023-07-21
2023-07-22,Journey to the Center of the Earth,2008,https://boxd.it/4yw5m9,3,,,2023-07-21
2023-07-22,Journey 2: The Mysterious Island,2012,https://boxd.it/4yw5ux,3,,,2023-07-21
2023-07-22,Kicking & Screaming,2005,https://boxd.it/4yw5Qj,3.5,,,2023-07-21
2023-07-22,Land of the Lost,2009,https://boxd.it/4yw61B,3,,,2023-07-21
2023-07-22,Kronk's New Groove,2005,https://boxd.it/4yw6tl,4,,,2023-07-21
2023-07-22,Law Abiding Citizen,2009,https://boxd.it/4yw6HH,4,,,2023-07-21
2023-07-22,Leap Year,2010,https://boxd.it/4yw70T,3,,,2023-07-21
2023-07-22,The Lorax,2012,https://boxd.it/4yw7hl,3.5,,,2023-07-21
2023-07-22,The Matrix,1999,https://boxd.it/4yw7DV,3.5,,,2023-07-21
2023-07-22,The Matrix Reloaded,2003,https://boxd.it/4yw8gD,3.5,,,2023-07-21
2023-07-22,The Matrix Revolutions,2003,https://boxd.it/4yw8pF,3.5,,,2023-07-21
2023-07-22,The Animatrix,2003,https://boxd.it/4yw8zl,,,,2023-07-21
2023-07-22,Megamind,2010,https://boxd.it/4yw8T1,4,,,2023-07-21
2023-07-22,Meet the Parents,2000,https://boxd.it/4yw9nF,3.5,,,2023-07-21
2023-07-22,Meet the Fockers,2004,https://boxd.it/4yw9D9,3.5,,,2023-07-21
2023-07-22,Little Fockers,2010,https://boxd.it/4yw9Ld,3.5,,,2023-07-21
2023-07-22,Meet the Robinsons,2007,https://boxd.it/4yw9RF,3.5,,,2023-07-21
2023-07-22,Miss Congeniality,2000,https://boxd.it/4ywa3B,4,,,2023-07-21
2023-07-22,Miss Congeniality 2: Armed and Fabulous,2005,https://boxd.it/4ywact,4,,,2023-07-21
2023-07-22,National Treasure,2004,https://boxd.it/4ywarD,4,,,2023-07-21
2023-07-22,National Treasure: Book of Secrets,2007,https://boxd.it/4ywayz,4,,,2023-07-21
2023-07-22,Never Been Kissed,1999,https://boxd.it/4ywb2J,2.5,,,2023-07-21
2023-07-22,Night at the Museum,2006,https://boxd.it/4ywblh,4,,,2023-07-21
2023-07-22,Night at the Museum: Battle of the Smithsonian,2009,https://boxd.it/4ywbwz,4,,,2023-07-21
2023-07-22,Night at the Museum: Secret of the Tomb,2014,https://boxd.it/4ywbED,4,,,2023-07-21
2023-07-22,Now You See Me,2013,https://boxd.it/4ywbTj,4.5,,,2023-07-21
2023-07-22,Now You See Me 2,2016,https://boxd.it/4ywc0p,4.5,,,2023-07-21
2023-07-22,Oblivion,2013,https://boxd.it/4ywdpb,3,,,2023-07-21
2023-07-22,Observe and Report,2009,https://boxd.it/4ywdFt,3,,,2023-07-21
2023-07-22,Old School,2003,https://boxd.it/4ywdRT,4.5,,,2023-07-21
2023-07-22,Paul,2011,https://boxd.it/4ywedF,3.5,,,2023-07-21
2023-07-22,Pitch Perfect,2012,https://boxd.it/4ywetj,4,,,2023-07-21
2023-07-22,Pitch Perfect 2,2015,https://boxd.it/4yweBx,4,,,2023-07-21
2023-07-22,Pitch Perfect 3,2017,https://boxd.it/4yweIX,3.5,,,2023-07-21
2023-07-22,The Proposal,2009,https://boxd.it/4yweYL,4.5,,,2023-07-21
2023-07-22,RED,2010,https://boxd.it/4ywf9z,4,,,2023-07-21
2023-07-22,RED 2,2013,https://boxd.it/4ywflb,4,,,2023-07-21
2023-07-22,Robots,2005,https://boxd.it/4ywfz3,4.5,,,2023-07-21
2023-07-22,Rush Hour,1998,https://boxd.it/4ywfPb,3.5,,,2023-07-21
2023-07-22,Rush Hour 2,2001,https://boxd.it/4ywg09,3.5,,,2023-07-21
2023-07-22,Rush Hour 3,2007,https://boxd.it/4ywg7J,3.5,,,2023-07-21
2023-07-22,The Sandlot,1993,https://boxd.it/4ywgt1,3.5,,,2023-07-21
2023-07-22,The Sandlot 2,2005,https://boxd.it/4ywgPh,3,,,2023-07-21
2023-07-22,The Sandlot: Heading Home,2007,https://boxd.it/4ywgVf,1,,,2023-07-21
2023-07-22,Scooby-Doo,2002,https://boxd.it/4ywh6R,3.5,,,2023-07-21
2023-07-22,Scooby-Doo 2: Monsters Unleashed,2004,https://boxd.it/4ywhfp,3.5,,,2023-07-21
2023-07-22,The Shawshank Redemption,1994,https://boxd.it/4ywhrF,4,,,2023-07-21
2023-07-22,Shrek,2001,https://boxd.it/4ywhEf,4.5,,,2023-07-21
2023-07-22,Shrek 2,2004,https://boxd.it/4ywhLb,4.5,,,2023-07-21
2023-07-22,Shrek the Third,2007,https://boxd.it/4ywhQv,4.5,,,2023-07-21
2023-07-22,Spider-Man,2002,https://boxd.it/4ywi9n,3.5,,,2023-07-21
2023-07-22,Spider-Man 2,2004,https://boxd.it/4ywipl,3.5,,,2023-07-21
2023-07-22,Spider-Man 3,2007,https://boxd.it/4ywiOP,3.5,,,2023-07-21
2023-07-22,Star Trek,2009,https://boxd.it/4ywj4N,4,,,2023-07-21
2023-07-22,Star Trek Into Darkness,2013,https://boxd.it/4ywj9D,4,,,2023-07-21
2023-07-22,Star Trek Beyond,2016,https://boxd.it/4ywjot,4,,,2023-07-21
2023-07-22,Super Troopers,2001,https://boxd.it/4ywjDN,4,,,2023-07-21
2023-07-22,Super Troopers 2,2018,https://boxd.it/4ywjIX,,,,2023-07-21
2023-07-22,The Ten Commandments,1956,https://boxd.it/4ywk1v,,,,2023-07-21
2023-07-22,Tower Heist,2011,https://boxd.it/4ywkf3,4,,,2023-07-21
2023-07-22,Trolls,2016,https://boxd.it/4ywksL,,,,2023-07-21
2023-07-22,Tropic Thunder,2008,https://boxd.it/4ywkGD,5,,,2023-07-21
2023-07-22,The Truman Show,1998,https://boxd.it/4ywkSz,4,,,2023-07-21
2023-07-22,National Lampoon's Van Wilder,2002,https://boxd.it/4ywl7p,3,,,2023-07-21
2023-07-22,The Waterboy,1998,https://boxd.it/4ywlwT,4,,,2023-07-21
2023-07-22,Wedding Crashers,2005,https://boxd.it/4ywlOX,4.5,,,2023-07-21
2023-07-22,The Wizard of Oz,1939,https://boxd.it/4ywmDV,,,,2023-07-21
2023-07-22,The Wolf of Wall Street,2013,https://boxd.it/4ywmTf,4.5,,,2023-07-21
2023-07-22,Hancock,2008,https://boxd.it/4ywnNR,3.5,,,2023-07-21
2023-07-22,Hellboy,2004,https://boxd.it/4ywnYZ,3.5,,,2023-07-21
2023-07-22,Ghost Rider,2007,https://boxd.it/4ywoar,3,,,2023-07-21
2023-07-22,Smokey and the Bandit,1977,https://boxd.it/4ywoq5,,,,2023-07-21
2023-07-22,The Jerk,1979,https://boxd.it/4ywoEL,4.5,,,2023-07-21
2023-07-22,Animal House,1978,https://boxd.it/4ywoN9,3.5,,,2023-07-21
2023-07-22,Car Wash,1976,https://boxd.it/4ywp0n,,,,2023-07-21
2023-07-22,Pain & Gain,2013,https://boxd.it/4ywptJ,4,,,2023-07-21
2023-07-22,Four Brothers,2005,https://boxd.it/4ywpEn,,,,2023-07-21
2023-07-22,The Italian Job,2003,https://boxd.it/4ywpVX,4,,,2023-07-21
2023-07-22,Shooter,2007,https://boxd.it/4ywqcf,4,,,2023-07-21
2023-07-22,Liar Liar,1997,https://boxd.it/4ywqoP,3.5,,,2023-07-21
2023-07-22,Bruce Almighty,2003,https://boxd.it/4ywqDv,4,,,2023-07-21
2023-07-22,Happy Gilmore,1996,https://boxd.it/4ywqP7,4,,,2023-07-21
2023-07-22,Billy Madison,1995,https://boxd.it/4ywqYt,4.5,,,2023-07-21
2023-07-22,Borat: Cultural Learnings of America for Make Benefit Glorious Nation of Kazakhstan,2006,https://boxd.it/4ywrmP,5,,,2023-07-21
2023-07-22,Grandma's Boy,2006,https://boxd.it/4ywrzz,4.5,,,2023-07-21
2023-07-22,50 First Dates,2004,https://boxd.it/4ywsNd,3,,,2023-07-21
2023-07-22,Click,2006,https://boxd.it/4ywsTF,3,,,2023-07-21
2023-07-22,Big Daddy,1999,https://boxd.it/4ywt3l,3.5,,,2023-07-21
2023-07-22,Mr. Deeds,2002,https://boxd.it/4ywtbJ,3.5,,,2023-07-21
2023-07-22,Paul Blart: Mall Cop,2009,https://boxd.it/4ywtsP,2.5,,,2023-07-21
2023-07-22,Grown Ups,2010,https://boxd.it/4ywtF5,3.5,,,2023-07-21
2023-07-22,Just Go with It,2011,https://boxd.it/4ywtPp,3,,,2023-07-21
2023-07-22,Jack and Jill,2011,https://boxd.it/4ywu11,1,,,2023-07-21
2023-07-22,Zookeeper,2011,https://boxd.it/4ywu9T,2,,,2023-07-21
2023-07-22,The Benchwarmers,2006,https://boxd.it/4ywuiB,3,,,2023-07-21
2023-07-22,Pineapple Express,2008,https://boxd.it/4ywuDf,4.5,,,2023-07-21
2023-07-22,The Interview,2014,https://boxd.it/4ywuPZ,3.5,,,2023-07-21
2023-07-22,The Night Before,2015,https://boxd.it/4ywv2z,3.5,,,2023-07-21
2023-07-22,This Is the End,2013,https://boxd.it/4ywvvL,4,,,2023-07-21
2023-07-22,Step Brothers,2008,https://boxd.it/4ywvEt,5,,,2023-07-21
2023-07-22,The Other Guys,2010,https://boxd.it/4ywvLz,5,,,2023-07-21
2023-07-22,Talladega Nights: The Ballad of Ricky Bobby,2006,https://boxd.it/4yww21,5,,,2023-07-21
2023-07-22,We're the Millers,2013,https://boxd.it/4ywwfT,4.5,,,2023-07-21
2023-07-22,Vacation,2015,https://boxd.it/4ywwIh,,,,2023-07-21
2023-07-22,Get Hard,2015,https://boxd.it/4ywx4d,4,,,2023-07-21
2023-07-22,Semi-Pro,2008,https://boxd.it/4ywxA9,4,,,2023-07-21
2023-07-22,The Campaign,2012,https://boxd.it/4ywy3P,4,,,2023-07-21
2023-07-22,The Intern,2015,https://boxd.it/4ywyHb,2.5,,,2023-07-21
2023-07-22,Blended,2014,https://boxd.it/4ywz03,2,,,2023-07-21
2023-07-22,Tammy,2014,https://boxd.it/4ywzkd,,,,2023-07-21
2023-07-22,American Sniper,2014,https://boxd.it/4ywzRV,4,,,2023-07-21
2023-07-22,Gran Torino,2008,https://boxd.it/4ywADl,3.5,,,2023-07-21
2023-07-22,Sully,2016,https://boxd.it/4ywB2Z,3.5,,,2023-07-21
2023-07-22,The Family Stone,2005,https://boxd.it/4yyxeh,,,,2023-07-21
2023-08-14,Fantastic Four: Rise of the Silver Surfer,2007,https://boxd.it/4GZV7v,3.5,,,2023-07-21
2023-07-24,Avatar,2009,https://boxd.it/4zkg6V,4,,,2023-07-23
2023-07-24,Starsky & Hutch,2004,https://boxd.it/4zkgDZ,3,,,2023-07-23
2023-07-24,"Me, Myself & Irene",2000,https://boxd.it/4zkgMn,4,,,2023-07-23
2023-07-24,Mr. Popper's Penguins,2011,https://boxd.it/4zkgXl,2.5,,,2023-07-23
2023-07-24,2 Guns,2013,https://boxd.it/4zkh7b,3.5,,,2023-07-23
2023-07-24,Fury,2014,https://boxd.it/4zkheL,,,,2023-07-23
2023-07-24,The Longest Yard,2005,https://boxd.it/4zkhor,4,,,2023-07-23
2023-07-24,Clash of the Titans,2010,https://boxd.it/4zkhAH,,,,2023-07-23
2023-07-24,Movie 43,2013,https://boxd.it/4zo4P3,5,,,2023-07-23
2023-07-30,I Spy,2002,https://boxd.it/4BNbl3,3,,,2023-07-29
2023-07-30,"You, Me and Dupree",2006,https://boxd.it/4BNbDr,3.5,,,2023-07-29
2023-07-30,Shanghai Knights,2003,https://boxd.it/4BNcHf,,,,2023-07-29
2023-07-30,Hulk,2003,https://boxd.it/4BNdu7,,,,2023-07-29
2023-07-30,Inception,2010,https://boxd.it/4BNeqv,5,,,2023-07-29
2023-07-30,Couples Retreat,2009,https://boxd.it/4BNeCB,3.5,,,2023-07-29
2023-07-30,Wanted,2008,https://boxd.it/4BNeQj,4,,,2023-07-29
2023-07-30,Limitless,2011,https://boxd.it/4BNf6B,4,,,2023-07-29
2023-07-30,The A-Team,2010,https://boxd.it/4BNfoP,4,,,2023-07-29
2023-07-30,Baby Driver,2017,https://boxd.it/4BNfEt,4,,,2023-07-29
2023-07-30,Charlie St. Cloud,2010,https://boxd.it/4BNg0f,,,,2023-07-29
2023-07-30,The Best of Me,2014,https://boxd.it/4BNgmZ,,,,2023-07-29
2023-07-30,Bringing Down the House,2003,https://boxd.it/4BNgHt,3.5,,,2023-07-29
2023-07-31,21,2008,https://boxd.it/4Cb4sJ,3,,,2023-07-30
2023-07-31,The 40 Year Old Virgin,2005,https://boxd.it/4Cb4Cz,5,,,2023-07-30
2023-07-31,DodgeBall: A True Underdog Story,2004,https://boxd.it/4Cb84V,4.5,,,2023-07-30
2023-07-31,The Green Mile,1999,https://boxd.it/4Cb985,4,,,2023-07-30
2023-07-31,Hall Pass,2011,https://boxd.it/4Cb9eH,4,,,2023-07-30
2023-07-31,Head of State,2003,https://boxd.it/4Cb9pP,,,,2023-07-30
2023-07-31,Moneyball,2011,https://boxd.it/4Cbakr,3.5,,,2023-07-30
2023-07-31,I Now Pronounce You Chuck & Larry,2007,https://boxd.it/4CbavT,3.5,,,2023-07-30
2023-07-31,Superbad,2007,https://boxd.it/4CbaTL,5,,,2023-07-30
2023-07-31,The Wedding Singer,1998,https://boxd.it/4CbbDz,3.5,,,2023-07-30
2023-07-31,Knocked Up,2007,https://boxd.it/4Cbj8z,4,,,2023-07-30
2023-08-06,Zombieland,2009,https://boxd.it/4ElHEd,4,,,2023-08-05
2023-08-06,Wild Hogs,2007,https://boxd.it/4ElHRV,3,,,2023-08-05
2023-08-06,Trading Places,1983,https://boxd.it/4ElI4Z,4.5,,,2023-08-05
2023-08-06,The Sitter,2011,https://boxd.it/4ElImp,4.5,,,2023-08-05
2023-08-06,Rounders,1998,https://boxd.it/4ElIyP,,,,2023-08-05
2023-08-06,Role Models,2008,https://boxd.it/4ElILJ,4.5,,,2023-08-05
2023-08-06,Remember the Titans,2000,https://boxd.it/4ElJg3,4,,,2023-08-05
2023-08-06,The Princess Bride,1987,https://boxd.it/4ElJqx,4,,,2023-08-05
2023-08-06,Our Idiot Brother,2011,https://boxd.it/4ElJDh,2.5,,,2023-08-05
2023-08-06,The Monuments Men,2014,https://boxd.it/4ElK0Z,2,,,2023-08-05
2023-08-06,Minority Report,2002,https://boxd.it/4ElKdf,,,,2023-08-05
2023-08-06,Man of Steel,2013,https://boxd.it/4ElKmr,3,,,2023-08-05
2023-08-06,The Lost City,2022,https://boxd.it/4ElKvD,3,,,2023-08-05
2023-08-06,A Knight's Tale,2001,https://boxd.it/4ElKMz,3,,,2023-08-05
2023-08-06,"I, Robot",2004,https://boxd.it/4ElKYF,3,,,2023-08-05
2023-08-06,Inglourious Basterds,2009,https://boxd.it/4ElL5B,4,,,2023-08-05
2023-08-06,Horrible Bosses,2011,https://boxd.it/4ElLl5,5,,,2023-08-05
2023-08-06,Hot Tub Time Machine,2010,https://boxd.it/4ElLB3,4,,,2023-08-05
2023-08-06,Hellboy II: The Golden Army,2008,https://boxd.it/4ElMmt,3,,,2023-08-05
2023-08-06,Green Lantern,2011,https://boxd.it/4ElMzH,2.5,,,2023-08-05
2023-08-06,Good Luck Chuck,2007,https://boxd.it/4ElMML,3,,,2023-08-05
2023-08-06,Get Him to the Greek,2010,https://boxd.it/4ElMXp,3.5,,,2023-08-05
2023-08-06,The Great Gatsby,2013,https://boxd.it/4ElNa9,2.5,,,2023-08-05
2023-08-06,Gangs of New York,2002,https://boxd.it/4ElNk9,,,,2023-08-05
2023-08-06,Evan Almighty,2007,https://boxd.it/4ElNvL,2.5,,,2023-08-05
2023-08-06,Envy,2004,https://boxd.it/4ElNIl,0.5,,,2023-08-05
2023-08-06,Employee of the Month,2006,https://boxd.it/4ElOhv,3.5,,,2023-08-05
2023-08-06,Easy A,2010,https://boxd.it/4ElOMX,3.5,,,2023-08-05
2023-08-06,The Dukes of Hazzard,2005,https://boxd.it/4ElOZH,3,,,2023-08-05
2023-08-06,Die Hard,1988,https://boxd.it/4ElPcV,,,,2023-08-05
2023-08-06,"Definitely, Maybe",2008,https://boxd.it/4ElPwr,4,,,2023-08-05
2023-08-06,Deck the Halls,2006,https://boxd.it/4ElPHJ,4,,,2023-08-05
2023-08-06,The Comebacks,2007,https://boxd.it/4ElPZX,4,,,2023-08-05
2023-08-06,Coach Carter,2005,https://boxd.it/4ElQ9D,4,,,2023-08-05
2023-08-06,The Change-Up,2011,https://boxd.it/4ElQvz,4,,,2023-08-05
2023-08-06,Catch Me If You Can,2002,https://boxd.it/4ElQL3,4,,,2023-08-05
2023-08-06,The Cable Guy,1996,https://boxd.it/4ElQVR,3.5,,,2023-08-05
2023-08-06,Bridge to Terabithia,2007,https://boxd.it/4ElR8V,4.5,,,2023-08-05
2023-08-06,The Break-Up,2006,https://boxd.it/4ElRlv,3.5,,,2023-08-05
2023-08-06,The Bounty Hunter,2010,https://boxd.it/4ElRwX,3,,,2023-08-05
2023-08-06,The Book of Eli,2010,https://boxd.it/4ElRHh,4,,,2023-08-05
2023-08-06,The Blind Side,2009,https://boxd.it/4ElRQN,3,,,2023-08-05
2023-08-06,Arthur,2011,https://boxd.it/4ElSbr,3,,,2023-08-05
2023-08-08,The Hobbit: An Unexpected Journey,2012,https://boxd.it/4FfKpx,,,,2023-08-08
2023-08-13,Argo,2012,https://boxd.it/4GBeqV,,,,2023-08-12
2023-08-13,Beerfest,2006,https://boxd.it/4GBeBz,4.5,,,2023-08-12
2023-08-13,Due Date,2010,https://boxd.it/4GBeLz,4,,,2023-08-12
2023-08-13,Grown Ups 2,2013,https://boxd.it/4GBeVz,3.5,,,2023-08-12
2023-08-13,The Help,2011,https://boxd.it/4GBf4L,4,,,2023-08-12
2023-08-13,Horton Hears a Who!,2008,https://boxd.it/4GBfjB,3,,,2023-08-12
2023-08-13,Hot Fuzz,2007,https://boxd.it/4GBfKH,,,,2023-08-12
2023-08-13,Inside Man,2006,https://boxd.it/4GBfUH,4,,,2023-08-12
2023-08-13,The Internship,2013,https://boxd.it/4GBgeH,3.5,,,2023-08-12
2023-08-13,Knives Out,2019,https://boxd.it/4GBh0r,3.5,,,2023-08-12
2023-08-13,The Last Samurai,2003,https://boxd.it/4GBh7n,,,,2023-08-12
2023-08-13,Let's Go to Prison,2006,https://boxd.it/4GBhwn,3,,,2023-08-12
2023-08-13,Little Miss Sunshine,2006,https://boxd.it/4GBhGH,4.5,,,2023-08-12
2023-08-13,Lone Survivor,2013,https://boxd.it/4GBhN9,3.5,,,2023-08-12
2023-08-13,Man of the House,2005,https://boxd.it/4GBibv,3,,,2023-08-12
2023-08-13,Marley & Me,2008,https://boxd.it/4GBiiL,4,,,2023-08-12
2023-08-13,The Martian,2015,https://boxd.it/4GBiql,3.5,,,2023-08-12
2023-08-13,The Mask,1994,https://boxd.it/4GBiAF,4,,,2023-08-12
2023-08-13,Son of the Mask,2005,https://boxd.it/4GBiLN,1,,,2023-08-12
2023-08-13,Monsters vs Aliens,2009,https://boxd.it/4GBiRL,3.5,,,2023-08-12
2023-08-13,The Polar Express,2004,https://boxd.it/4GBj3R,4,,,2023-08-12
2023-08-13,The Ringer,2005,https://boxd.it/4GBjjl,4.5,,,2023-08-12
2023-08-13,RV,2006,https://boxd.it/4GBjwJ,3,,,2023-08-12
2023-08-13,Safe Haven,2013,https://boxd.it/4GBjDl,,,,2023-08-12
2023-08-13,The Sound of Music,1965,https://boxd.it/4GBjLT,3.5,,,2023-08-12
2023-08-13,Spaceballs,1987,https://boxd.it/4GBjXZ,3,,,2023-08-12
2023-08-13,The Terminal,2004,https://boxd.it/4GBkap,3,,,2023-08-12
2023-08-13,Walk Hard: The Dewey Cox Story,2007,https://boxd.it/4GBkjL,5,,,2023-08-12
2023-08-13,Why Him?,2016,https://boxd.it/4GBkt7,3.5,,,2023-08-12
2023-08-13,Yes Man,2008,https://boxd.it/4GBkAH,3,,,2023-08-12
2023-08-13,Knowing,2009,https://boxd.it/4GBoAr,2.5,,,2023-08-12
2023-08-14,World War Z,2013,https://boxd.it/4GZQvd,3,,,2023-08-13
2023-08-14,White House Down,2013,https://boxd.it/4GZQEp,3.5,,,2023-08-13
2023-08-14,While You Were Sleeping,1995,https://boxd.it/4GZQSL,,,,2023-08-13
2023-08-14,The Town,2010,https://boxd.it/4GZR4d,4,,,2023-08-13
2023-08-14,Ted 2,2015,https://boxd.it/4GZRmV,5,,,2023-08-13
2023-08-14,Ted,2012,https://boxd.it/4GZRzl,5,,,2023-08-13
2023-08-14,A Star Is Born,2018,https://boxd.it/4GZRHT,3.5,,,2023-08-13
2023-08-14,Office Space,1999,https://boxd.it/4GZRRp,4.5,,,2023-08-13
2023-08-14,Non-Stop,2014,https://boxd.it/4GZS5B,3.5,,,2023-08-13
2023-08-14,Mrs. Doubtfire,1993,https://boxd.it/4GZSeX,3,,,2023-08-13
2023-08-14,Man on Fire,2004,https://boxd.it/4GZSL3,,,,2023-08-13
2023-08-14,Lucy,2014,https://boxd.it/4GZST7,4.5,,,2023-08-13
2023-08-14,The Love Guru,2008,https://boxd.it/4GZT3r,3,,,2023-08-13
2023-08-14,The Incredibles,2004,https://boxd.it/4GZTdr,4,,,2023-08-13
2023-08-14,I Am Legend,2007,https://boxd.it/4GZTop,2.5,,,2023-08-13
2023-08-14,The Hurt Locker,2008,https://boxd.it/4GZTEd,3.5,,,2023-08-13
2023-08-14,Horrible Bosses 2,2014,https://boxd.it/4GZTXT,5,,,2023-08-13
2023-08-14,Gravity,2013,https://boxd.it/4GZU8n,3.5,,,2023-08-13
2023-08-14,Goon,2011,https://boxd.it/4GZUhp,4,,,2023-08-13
2023-08-14,Fun with Dick and Jane,2005,https://boxd.it/4GZUu9,3.5,,,2023-08-13
2023-08-14,Django Unchained,2012,https://boxd.it/4GZVoV,5,,,2023-08-13
2023-08-14,Daddy Day Care,2003,https://boxd.it/4GZVDB,3,,,2023-08-13
2023-08-14,Brüno,2009,https://boxd.it/4GZVQb,5,,,2023-08-13
2023-08-14,Blood Diamond,2006,https://boxd.it/4GZW0b,4,,,2023-08-13
2023-08-14,Bad Boys II,2003,https://boxd.it/4GZWoR,,,,2023-08-13
2023-08-14,Bad Boys,1995,https://boxd.it/4GZWNd,2.5,,,2023-08-13
2023-08-14,Along Came Polly,2004,https://boxd.it/4GZWZN,3,,,2023-08-13
2023-08-14,Accepted,2006,https://boxd.it/4GZX9t,2.5,,,2023-08-13
2023-08-14,300,2006,https://boxd.it/4GZXhn,2.5,,,2023-08-13
2023-08-16,21 Jump Street,2012,https://boxd.it/4HyvuD,5,,,2023-08-15
2023-08-27,Waiting...,2005,https://boxd.it/4L5l5L,4,,,2023-08-26
2023-08-27,Training Day,2001,https://boxd.it/4L5lhd,4,,,2023-08-26
2023-08-27,Stolen,2012,https://boxd.it/4L5ltD,,,,2023-08-26
2023-08-27,Sex Tape,2014,https://boxd.it/4L5lBd,,,,2023-08-26
2023-08-27,Percy Jackson: Sea of Monsters,2013,https://boxd.it/4L5m3V,,,,2023-08-26
2023-08-27,Percy Jackson & the Olympians: The Lightning Thief,2010,https://boxd.it/4L5man,3.5,,,2023-08-26
2023-08-27,The Matrix Resurrections,2021,https://boxd.it/4L5mll,3,,,2023-08-26
2023-08-27,Madagascar,2005,https://boxd.it/4L5myz,4,,,2023-08-26
2023-08-27,Les Misérables,2012,https://boxd.it/4L5mM7,3,,,2023-08-26
2023-08-27,The Goonies,1985,https://boxd.it/4L5mWV,3.5,,,2023-08-26
2023-08-27,Funny People,2009,https://boxd.it/4L5n7z,,,,2023-08-26
2023-08-27,Den of Thieves,2018,https://boxd.it/4L5nxx,,,,2023-08-26
2023-08-27,The Blues Brothers,1980,https://boxd.it/4L5nP7,5,,,2023-08-26
2023-08-27,Anger Management,2003,https://boxd.it/4L5o13,3.5,,,2023-08-26
2023-08-27,American Wedding,2003,https://boxd.it/4L5owZ,3,,,2023-08-26
2023-08-27,American Pie 2,2001,https://boxd.it/4L5oCX,3,,,2023-08-26
2023-08-27,American Pie,1999,https://boxd.it/4L5oKn,3.5,,,2023-08-26
2023-08-28,Secondhand Lions,2003,https://boxd.it/4Lk0kl,3.5,,,2023-08-27
2023-08-28,Meet Dave,2008,https://boxd.it/4Lk0Pj,3,,,2023-08-27
2023-08-28,Independence Day,1996,https://boxd.it/4Lk1il,,,,2023-08-27
2023-08-28,Goon: Last of the Enforcers,2017,https://boxd.it/4Lk1LR,3.5,,,2023-08-27
2023-08-28,Gladiator,2000,https://boxd.it/4Lk2aH,4,,,2023-08-27
2023-08-28,Fred Claus,2007,https://boxd.it/4Lk2pd,3,,,2023-08-27
2023-08-28,Ferris Bueller's Day Off,1986,https://boxd.it/4Lk2Ab,4,,,2023-08-27
2023-08-28,30 Minutes or Less,2011,https://boxd.it/4Lk2Mr,3.5,,,2023-08-27
2023-09-17,Wild Wild West,1999,https://boxd.it/4R8PW1,3.5,,,2023-09-16
2023-09-17,Transformers: Dark of the Moon,2011,https://boxd.it/4R8Qlv,3.5,,,2023-09-16
2023-09-17,Transformers,2007,https://boxd.it/4R8QxL,3.5,,,2023-09-16
2023-09-17,¡Three Amigos!,1986,https://boxd.it/4R8RgB,3.5,,,2023-09-16
2023-09-17,There's Something About Mary,1998,https://boxd.it/4R8Ruj,3.5,,,2023-09-16
2023-09-17,Super 8,2011,https://boxd.it/4R8RHH,4,,,2023-09-16
2023-09-17,Snake Eyes,1998,https://boxd.it/4R8SRX,,,,2023-09-16
2023-09-17,The Secret Life of Walter Mitty,2013,https://boxd.it/4R8SZx,4,,,2023-09-16
2023-09-17,Schindler's List,1993,https://boxd.it/4R8Uph,4,,,2023-09-16
2023-09-17,Saving Private Ryan,1998,https://boxd.it/4R8UAJ,4,,,2023-09-16
2023-09-17,Rules of Engagement,2000,https://boxd.it/4R8UNN,,,,2023-09-16
2023-09-17,R.I.P.D.,2013,https://boxd.it/4R8V2t,3,,,2023-09-16
2023-09-17,Real Steel,2011,https://boxd.it/4R8VeJ,3,,,2023-09-16
2023-09-17,Ready Player One,2018,https://boxd.it/4R8Vtp,3.5,,,2023-09-16
2023-09-17,Rat Race,2001,https://boxd.it/4R8Xcl,4.5,,,2023-09-16
2023-09-17,Next,2007,https://boxd.it/4R8YUD,3.5,,,2023-09-16
2023-09-17,Neighbors 2: Sorority Rising,2016,https://boxd.it/4R90Jd,3.5,,,2023-09-16
2023-09-17,Neighbors,2014,https://boxd.it/4R90SJ,4.5,,,2023-09-16
2023-09-17,The Mummy,1999,https://boxd.it/4R91aj,3.5,,,2023-09-16
2023-09-17,Men in Black 3,2012,https://boxd.it/4R91PV,3.5,,,2023-09-16
2023-09-17,Men in Black II,2002,https://boxd.it/4R920T,3.5,,,2023-09-16
2023-09-17,Men in Black,1997,https://boxd.it/4R928N,3.5,,,2023-09-16
2023-09-17,Matchstick Men,2003,https://boxd.it/4R92up,4,,,2023-09-16
2023-09-17,Madea's Witness Protection,2012,https://boxd.it/4R92Hj,3.5,,,2023-09-16
2023-09-17,License to Wed,2007,https://boxd.it/4R92Wt,3.5,,,2023-09-16
2023-09-17,Let's Be Cops,2014,https://boxd.it/4R9465,3.5,,,2023-09-16
2023-09-17,Juno,2007,https://boxd.it/4R94Mv,4,,,2023-09-16
2023-09-17,Joker,2019,https://boxd.it/4R964b,4,,,2023-09-16
2023-09-17,Iron Man 3,2013,https://boxd.it/4R96MH,3.5,,,2023-09-16
2023-09-17,Iron Man 2,2010,https://boxd.it/4R96YX,3.5,,,2023-09-16
2023-09-17,Iron Man,2008,https://boxd.it/4R977P,4,,,2023-09-16
2023-09-17,Inferno,2016,https://boxd.it/4R9851,3,,,2023-09-16
2023-09-17,Identity Thief,2013,https://boxd.it/4R98oR,4,,,2023-09-16
2023-09-17,Hot Rod,2007,https://boxd.it/4R98Kj,4,,,2023-09-16
2023-09-17,Home Alone 4,2002,https://boxd.it/4R99lz,,,,2023-09-16
2023-09-17,Home Alone 3,1997,https://boxd.it/4R9a5n,,,,2023-09-16
2023-09-17,Home Alone 2: Lost in New York,1992,https://boxd.it/4R9aiV,4,,,2023-09-16
2023-09-17,Home Alone,1990,https://boxd.it/4R9ar9,4,,,2023-09-16
2023-09-17,The Incredible Hulk,2008,https://boxd.it/4R9bMx,3.5,,,2023-09-16
2023-09-17,Face/Off,1997,https://boxd.it/4R9cgd,4.5,,,2023-09-16
2023-09-17,EuroTrip,2004,https://boxd.it/4R9cpf,,,,2023-09-16
2023-09-17,Enemy of the State,1998,https://boxd.it/4R9cBZ,,,,2023-09-16
2023-09-17,Edge of Tomorrow,2014,https://boxd.it/4R9d2L,4,,,2023-09-16
2023-09-17,District 9,2009,https://boxd.it/4R9dbN,4,,,2023-09-16
2023-09-17,The Devil Wears Prada,2006,https://boxd.it/4R9dmV,3,,,2023-09-16
2023-09-17,Deadpool,2016,https://boxd.it/4R9dOv,4.5,,,2023-09-16
2023-09-17,Dazed and Confused,1993,https://boxd.it/4R9eqp,,,,2023-09-16
2023-09-17,The Da Vinci Code,2006,https://boxd.it/4R9eGd,4,,,2023-09-16
2023-09-17,Cowboys & Aliens,2011,https://boxd.it/4R9eWF,,,,2023-09-16
2023-09-17,Charlie and the Chocolate Factory,2005,https://boxd.it/4R9fb1,3.5,,,2023-09-16
2023-09-17,Cast Away,2000,https://boxd.it/4R9fkn,4,,,2023-09-16
2023-09-17,Blazing Saddles,1974,https://boxd.it/4R9ft5,4.5,,,2023-09-16
2023-09-17,Balls of Fury,2007,https://boxd.it/4R9fQj,,,,2023-09-16
2023-09-17,Angels & Demons,2009,https://boxd.it/4R9ghJ,3.5,,,2023-09-16
2023-09-17,Anchorman 2: The Legend Continues,2013,https://boxd.it/4R9gyv,3.5,,,2023-09-16
2023-09-17,Anchorman: The Legend of Ron Burgundy,2004,https://boxd.it/4R9gIb,3.5,,,2023-09-16
2023-09-17,22 Jump Street,2014,https://boxd.it/4R9gSP,5,,,2023-09-16
2023-09-24,The Avengers,2012,https://boxd.it/4SZitZ,3.5,,,2023-09-23
2023-09-24,Despicable Me,2010,https://boxd.it/4SZiHx,3.5,,,2023-09-23
2023-09-24,Your Highness,2011,https://boxd.it/4T4SY5,4,,,2023-09-23
2023-09-24,You Don't Mess with the Zohan,2008,https://boxd.it/4T4T85,3,,,2023-09-23
2023-09-24,Year One,2009,https://boxd.it/4T4Tnf,3.5,,,2023-09-23
2023-09-24,White Chicks,2004,https://boxd.it/4T4TBB,4.5,,,2023-09-23
2023-09-24,The Watch,2012,https://boxd.it/4T4TMT,4,,,2023-09-23
2023-09-24,Tuck Everlasting,2002,https://boxd.it/4T4TZX,,,,2023-09-23
2023-09-24,Shanghai Noon,2000,https://boxd.it/4T4Unb,,,,2023-09-23
2023-09-24,The Pink Panther,2006,https://boxd.it/4T4UyX,4,,,2023-09-23
2023-09-24,Olympus Has Fallen,2013,https://boxd.it/4T4UI9,4,,,2023-09-23
2023-09-24,Jack Reacher,2012,https://boxd.it/4T4Vll,4,,,2023-09-23
2023-09-24,In Time,2011,https://boxd.it/4T4Vxh,3.5,,,2023-09-23
2023-09-24,Eat Pray Love,2010,https://boxd.it/4T4VDT,,,,2023-09-23
2023-09-24,Eagle Eye,2008,https://boxd.it/4T4VN5,,,,2023-09-23
2023-09-24,Despicable Me 2,2013,https://boxd.it/4T4VV9,,,,2023-09-23
2023-09-24,Caddyshack,1980,https://boxd.it/4T4W5N,4,,,2023-09-23
2023-09-24,2012,2009,https://boxd.it/4T4Whz,3.5,,,2023-09-23
2023-10-08,Zoolander 2,2016,https://boxd.it/4XszFd,,,,2023-10-07
2023-10-08,Zoolander,2001,https://boxd.it/4XszYJ,4,,,2023-10-07
2023-10-08,xXx: Return of Xander Cage,2017,https://boxd.it/4XsART,,,,2023-10-07
2023-10-08,xXx,2002,https://boxd.it/4XsBD9,,,,2023-10-07
2023-10-08,X-Men: Apocalypse,2016,https://boxd.it/4XsC6Z,4,,,2023-10-07
2023-10-08,Unfinished Business,2015,https://boxd.it/4XsCnB,,,,2023-10-07
2023-10-08,Uncut Gems,2019,https://boxd.it/4XtKSf,4,,,2023-10-07
2023-10-08,Wrath of the Titans,2012,https://boxd.it/4XtL9P,,,,2023-10-07
2023-10-08,Speed,1994,https://boxd.it/4XtLjv,,,,2023-10-07
2023-10-08,The Samaritan,2012,https://boxd.it/4XtLPr,,,,2023-10-07
2023-10-08,Ride Along 2,2016,https://boxd.it/4XtMKn,,,,2023-10-07
2023-10-08,Out of Time,2003,https://boxd.it/4XtNfv,,,,2023-10-07
2023-10-08,The Other Woman,2014,https://boxd.it/4XtNtH,3.5,,,2023-10-07
2023-10-08,No Strings Attached,2011,https://boxd.it/4XtNFt,,,,2023-10-07
2023-10-08,Need for Speed,2014,https://boxd.it/4XtNV7,,,,2023-10-07
2023-10-08,The Naked Gun: From the Files of Police Squad!,1988,https://boxd.it/4XtOkB,4.5,,,2023-10-07
2023-10-08,Mike and Dave Need Wedding Dates,2016,https://boxd.it/4XtOFJ,,,,2023-10-07
2023-10-08,Miami Vice,2006,https://boxd.it/4XtONt,,,,2023-10-07
2023-10-08,Keeping Up with the Joneses,2016,https://boxd.it/4XtOVd,4,,,2023-10-07
2023-10-08,Jack Ryan: Shadow Recruit,2014,https://boxd.it/4XtP61,,,,2023-10-07
2023-10-08,Homefront,2013,https://boxd.it/4XtPfx,,,,2023-10-07
2023-10-08,Holmes & Watson,2018,https://boxd.it/4XtPpR,,,,2023-10-07
2023-10-08,Hitman: Agent 47,2015,https://boxd.it/4XtPDf,3.5,,,2023-10-07
2023-10-08,The Giver,2014,https://boxd.it/4XtPPv,3.5,,,2023-10-07
2023-10-08,Fantastic Four,2015,https://boxd.it/4XtQ7z,3.5,,,2023-10-07
2023-10-08,Deuce Bigalow: European Gigolo,2005,https://boxd.it/4XtQlr,2.5,,,2023-10-07
2023-10-08,Date Night,2010,https://boxd.it/4XtQw5,,,,2023-10-07
2023-10-08,CHiPs,2017,https://boxd.it/4XtQIv,,,,2023-10-07
2023-10-08,Burnt,2015,https://boxd.it/4XtQQT,,,,2023-10-07
2023-10-08,Birdman or (The Unexpected Virtue of Ignorance),2014,https://boxd.it/4XtR39,2,,,2023-10-07
2023-10-08,Big Eyes,2014,https://boxd.it/4XtRaJ,,,,2023-10-07
2023-10-08,Beavis and Butt-Head Do America,1996,https://boxd.it/4XtRkT,,,,2023-10-07
2023-10-08,A Beautiful Mind,2001,https://boxd.it/4XtRwl,,,,2023-10-07
2023-10-08,Bad Boys for Life,2020,https://boxd.it/4XtRHD,,,,2023-10-07
2023-10-08,American Gangster,2007,https://boxd.it/4XtRRt,,,,2023-10-07
2023-10-08,300: Rise of an Empire,2014,https://boxd.it/4XtS0F,,,,2023-10-07
2023-10-08,21 & Over,2013,https://boxd.it/4XtS9x,,,,2023-10-07
2023-10-08,Staying Alive,1983,https://boxd.it/4XvkX3,,,,2023-10-07
2023-10-08,Saturday Night Fever,1977,https://boxd.it/4XvlpL,,,,2023-10-07
2023-10-08,Uncle Buck,1989,https://boxd.it/4XCJp5,4,,,2023-10-07
2023-10-08,Tenacious D in The Pick of Destiny,2006,https://boxd.it/4XCJPd,3,,,2023-10-07
2023-10-09,Zack and Miri Make a Porno,2008,https://boxd.it/4XUdJj,,,,2023-10-08
2023-10-09,X-Men: The Last Stand,2006,https://boxd.it/4XUeNV,4,,,2023-10-08
2023-10-09,What Happens in Vegas,2008,https://boxd.it/4XUfeR,,,,2023-10-08
2023-10-09,The Ugly Truth,2009,https://boxd.it/4XUg2n,,,,2023-10-08
2023-10-09,Troy,2004,https://boxd.it/4XUh1Z,,,,2023-10-08
2023-10-09,Sweet Home Alabama,2002,https://boxd.it/4XUhx7,3.5,,,2023-10-08
2023-10-09,Red Dawn,2012,https://boxd.it/4XUhXJ,3,,,2023-10-08
2023-10-09,Radio,2003,https://boxd.it/4XUikt,3,,,2023-10-08
2023-10-09,P.S. I Love You,2007,https://boxd.it/4XUiwJ,,,,2023-10-08
2023-10-09,Project Almanac,2015,https://boxd.it/4XUiNP,3,,,2023-10-08
2023-10-09,Pride & Prejudice,2005,https://boxd.it/4XUiYt,3.5,,,2023-10-08
2023-10-09,The Pianist,2002,https://boxd.it/4XUjfJ,,,,2023-10-08
2023-10-09,Napoleon Dynamite,2004,https://boxd.it/4XUjxD,4.5,,,2023-10-08
2023-10-09,Mr. & Mrs. Smith,2005,https://boxd.it/4XUjOT,3.5,,,2023-10-08
2023-10-09,Masterminds,2016,https://boxd.it/4XUk2L,4.5,,,2023-10-08
2023-10-09,The Manchurian Candidate,2004,https://boxd.it/4XUknT,,,,2023-10-08
2023-10-09,Long Shot,2019,https://boxd.it/4XUlj9,,,,2023-10-08
2023-10-09,London Has Fallen,2016,https://boxd.it/4XUlPz,4,,,2023-10-08
2023-10-09,Live Free or Die Hard,2007,https://boxd.it/4XUq1J,,,,2023-10-08
2023-10-09,Larry Crowne,2011,https://boxd.it/4XUrCB,,,,2023-10-08
2023-10-09,King Kong,2005,https://boxd.it/4XUsgL,4,,,2023-10-08
2023-10-09,Just Friends,2005,https://boxd.it/4XUsut,3.5,,,2023-10-08
2023-10-09,The Invention of Lying,2009,https://boxd.it/4XUsON,3,,,2023-10-08
2023-10-09,The House,2017,https://boxd.it/4XUt5z,3,,,2023-10-08
2023-10-09,"Hail, Caesar!",2016,https://boxd.it/4XUvxv,,,,2023-10-08
2023-10-09,The Guilt Trip,2012,https://boxd.it/4XUvKT,,,,2023-10-08
2023-10-09,Fences,2016,https://boxd.it/4XUvW1,,,,2023-10-08
2023-10-09,Failure to Launch,2006,https://boxd.it/4XUwZl,3.5,,,2023-10-08
2023-10-09,National Lampoon's European Vacation,1985,https://boxd.it/4XUxhz,,,,2023-10-08
2023-10-09,Dear John,2010,https://boxd.it/4XUxqL,,,,2023-10-08
2023-10-09,Captain Phillips,2013,https://boxd.it/4XUxRH,3.5,,,2023-10-08
2023-10-09,The Bourne Ultimatum,2007,https://boxd.it/4XUybR,,,,2023-10-08
2023-10-09,Blockers,2018,https://boxd.it/4XUyRD,,,,2023-10-08
2023-10-09,Baywatch,2017,https://boxd.it/4XUz2r,3.5,,,2023-10-08
2023-10-09,American Assassin,2017,https://boxd.it/4XUzfF,,,,2023-10-08
2023-10-09,The 5th Wave,2016,https://boxd.it/4XUzv9,,,,2023-10-08
2023-10-14,Zathura: A Space Adventure,2005,https://boxd.it/4ZpQAV,4,,,2023-10-13
2023-10-14,Spider-Man: No Way Home,2021,https://boxd.it/4ZpRrb,4,,,2023-10-13
2023-10-14,Spider-Man: Homecoming,2017,https://boxd.it/4ZpRBP,4,,,2023-10-13
2023-10-14,Spider-Man: Far From Home,2019,https://boxd.it/4ZpRIB,4,,,2023-10-13
2023-10-14,Scrooged,1988,https://boxd.it/4ZpRT5,,,,2023-10-13
2023-10-14,Kingsman: The Golden Circle,2017,https://boxd.it/4ZpS3p,4,,,2023-10-13
2023-10-14,Hardball,2001,https://boxd.it/4ZpSxp,,,,2023-10-13
2023-10-14,Gattaca,1997,https://boxd.it/4ZpSI3,4,,,2023-10-13
2023-10-14,Forgetting Sarah Marshall,2008,https://boxd.it/4ZpSP9,3.5,,,2023-10-13
2023-10-14,Coraline,2009,https://boxd.it/4ZpSXd,4,,,2023-10-13
2023-10-14,The Bourne Supremacy,2004,https://boxd.it/4ZpTH1,,,,2023-10-13
2023-10-14,The Bourne Identity,2002,https://boxd.it/4ZpTSX,,,,2023-10-13
2023-10-14,The Equalizer 3,2023,https://boxd.it/4ZpTZf,4,,,2023-10-13
2023-10-15,xXx: State of the Union,2005,https://boxd.it/4ZRir7,,,,2023-10-14
2023-10-15,X2,2003,https://boxd.it/4ZRiHf,4,,,2023-10-14
2023-10-15,X-Men,2000,https://boxd.it/4ZRiTb,4,,,2023-10-14
2023-10-15,Transformers: Revenge of the Fallen,2009,https://boxd.it/4ZRj9N,3.5,,,2023-10-14
2023-10-15,Total Recall,2012,https://boxd.it/4ZRjmn,,,,2023-10-14
2023-10-15,Source Code,2011,https://boxd.it/4ZRjxP,,,,2023-10-14
2023-10-15,Not Another Teen Movie,2001,https://boxd.it/4ZRjM1,3.5,,,2023-10-14
2023-10-15,The Mummy Returns,2001,https://boxd.it/4ZRk3h,,,,2023-10-14
2023-10-15,Madagascar: Escape 2 Africa,2008,https://boxd.it/4ZRkR7,3.5,,,2023-10-14
2023-10-15,Little Women,2019,https://boxd.it/4ZRlVf,2.5,,,2023-10-14
2023-10-15,How to Lose a Guy in 10 Days,2003,https://boxd.it/4ZRmbx,3.5,,,2023-10-14
2023-10-15,How the Grinch Stole Christmas,2000,https://boxd.it/4ZRmlR,4,,,2023-10-14
2023-10-15,Date Movie,2006,https://boxd.it/4ZRmwv,2.5,,,2023-10-14
2023-10-15,"Crazy, Stupid, Love.",2011,https://boxd.it/4ZRmIr,4,,,2023-10-14
2023-10-15,Cop Out,2010,https://boxd.it/4ZRmPH,,,,2023-10-14
2023-10-15,Bewitched,2005,https://boxd.it/4ZRmZH,,,,2023-10-14
2023-10-15,Bad Teacher,2011,https://boxd.it/4ZRn9H,3.5,,,2023-10-14
2023-10-22,Up in the Air,2009,https://boxd.it/527lH3,,,,2023-10-21
2023-10-22,Tag,2018,https://boxd.it/527lLT,,,,2023-10-21
2023-10-22,School of Rock,2003,https://boxd.it/527lZ7,3.5,,,2023-10-21
2023-10-22,School for Scoundrels,2006,https://boxd.it/527mbn,3.5,,,2023-10-21
2023-10-22,Robin Hood,2010,https://boxd.it/527mkz,,,,2023-10-21
2023-10-22,Ride Along,2014,https://boxd.it/527myh,3,,,2023-10-21
2023-10-22,Rango,2011,https://boxd.it/527mLF,3.5,,,2023-10-21
2023-10-22,Popstar: Never Stop Never Stopping,2016,https://boxd.it/527n2B,4,,,2023-10-21
2023-10-22,Point Break,2015,https://boxd.it/527nmr,3.5,,,2023-10-21
2023-10-22,Prince of Persia: The Sands of Time,2010,https://boxd.it/527nBV,3.5,,,2023-10-21
2023-10-22,Predators,2010,https://boxd.it/527o4j,,,,2023-10-21
2023-10-22,My Best Friend's Girl,2008,https://boxd.it/527pQX,,,,2023-10-21
2023-10-22,Lethal Weapon 3,1992,https://boxd.it/527qfj,3.5,,,2023-10-21
2023-10-22,Lethal Weapon 2,1989,https://boxd.it/527qAB,3.5,,,2023-10-21
2023-10-22,Lethal Weapon,1987,https://boxd.it/527qHH,3.5,,,2023-10-21
2023-10-22,Just Married,2003,https://boxd.it/527qYD,,,,2023-10-21
2023-10-22,The Imitation Game,2014,https://boxd.it/527r9L,4,,,2023-10-21
2023-10-22,Harold & Kumar Go to White Castle,2004,https://boxd.it/527rvd,,,,2023-10-21
2023-10-22,The Godfather,1972,https://boxd.it/527rF3,,,,2023-10-21
2023-10-22,First Blood,1982,https://boxd.it/527rRN,,,,2023-10-21
2023-10-22,Field of Dreams,1989,https://boxd.it/527s6j,,,,2023-10-21
2023-10-22,Extract,2009,https://boxd.it/527stn,3,,,2023-10-21
2023-10-22,Ever After,1998,https://boxd.it/527u4T,,,,2023-10-21
2023-10-22,The Dilemma,2011,https://boxd.it/527uep,3.5,,,2023-10-21
2023-10-22,Die Hard With a Vengeance,1995,https://boxd.it/527upx,,,,2023-10-21
2023-10-22,Déjà Vu,2006,https://boxd.it/527uyp,,,,2023-10-21
2023-10-22,Burn After Reading,2008,https://boxd.it/527uNp,4,,,2023-10-21
2023-10-22,Bridesmaids,2011,https://boxd.it/527v2p,3.5,,,2023-10-21
2023-10-22,Analyze That,2002,https://boxd.it/527vZ7,,,,2023-10-21
2023-10-22,American Reunion,2012,https://boxd.it/527x6j,,,,2023-10-21
2023-10-23,The Mummy,2017,https://boxd.it/52qFVR,,,,2023-10-22
2023-10-29,Zoom,2006,https://boxd.it/54oWFF,3,,,2023-10-28
2023-10-29,X-Men: Days of Future Past,2014,https://boxd.it/54oWWr,4,,,2023-10-28
2023-10-29,True Grit,2010,https://boxd.it/54oXcf,,,,2023-10-28
2023-10-29,They Came Together,2014,https://boxd.it/54oXpD,5,,,2023-10-28
2023-10-29,Tenet,2020,https://boxd.it/54oXxx,4,,,2023-10-28
2023-10-29,Silver Linings Playbook,2012,https://boxd.it/54oXIv,,,,2023-10-28
2023-10-29,Rambo: Last Blood,2019,https://boxd.it/54oYfJ,,,,2023-10-28
2023-10-29,Rambo: First Blood Part II,1985,https://boxd.it/54oYAH,,,,2023-10-28
2023-10-29,The Mummy: Tomb of the Dragon Emperor,2008,https://boxd.it/54oYLP,,,,2023-10-28
2023-10-29,The Maze Runner,2014,https://boxd.it/54oZ0Z,3.5,,,2023-10-28
2023-10-29,Kingsman: The Secret Service,2014,https://boxd.it/54oZal,4,,,2023-10-28
2023-10-29,Jumanji,1995,https://boxd.it/54oZn5,4,,,2023-10-28
2023-10-29,Jurassic World: Fallen Kingdom,2018,https://boxd.it/54oZDx,,,,2023-10-28
2023-10-29,Jurassic World,2015,https://boxd.it/54oZPj,,,,2023-10-28
2023-10-29,The Great Escape,1963,https://boxd.it/54p02x,4,,,2023-10-28
2023-10-29,Oz the Great and Powerful,2013,https://boxd.it/54p0kh,,,,2023-10-28
2023-10-29,Good Boys,2019,https://boxd.it/54p0zr,,,,2023-10-28
2023-10-29,The Girl with the Dragon Tattoo,2011,https://boxd.it/54p0R1,,,,2023-10-28
2023-10-29,Final Destination 5,2011,https://boxd.it/54p1bv,,,,2023-10-28
2023-10-29,The Final Destination,2009,https://boxd.it/54p275,,,,2023-10-28
2023-10-29,Final Destination 3,2006,https://boxd.it/54p2pD,,,,2023-10-28
2023-10-29,Final Destination 2,2003,https://boxd.it/54p2vr,,,,2023-10-28
2023-10-29,Final Destination,2000,https://boxd.it/54p2Cx,3.5,,,2023-10-28
2023-10-29,The Expendables 3,2014,https://boxd.it/54p2Ph,,,,2023-10-28
2023-10-29,The Expendables 2,2012,https://boxd.it/54p2X1,,,,2023-10-28
2023-10-29,The Expendables,2010,https://boxd.it/54p339,,,,2023-10-28
2023-10-29,Dirty Work,1998,https://boxd.it/54p3aT,3.5,,,2023-10-28
2023-10-29,Dinner for Schmucks,2010,https://boxd.it/54p3yL,4.5,,,2023-10-28
2023-10-29,Cyrus,2010,https://boxd.it/54p3LF,,,,2023-10-28
2023-10-29,Corpse Bride,2005,https://boxd.it/54p43f,,,,2023-10-28
2023-10-29,Central Intelligence,2016,https://boxd.it/54p4eR,2,,,2023-10-28
2023-10-29,Butch Cassidy and the Sundance Kid,1969,https://boxd.it/54p4nT,4.5,,,2023-10-28
2023-10-29,The Bucket List,2007,https://boxd.it/54p4B7,,,,2023-10-28
2023-10-29,Bowfinger,1999,https://boxd.it/54p4M5,3,,,2023-10-28
2023-10-29,Big Fat Liar,2002,https://boxd.it/54p55B,3.5,,,2023-10-28
2023-10-29,Battleship,2012,https://boxd.it/54p5kB,,,,2023-10-28
2023-10-29,Barnyard,2006,https://boxd.it/54p5wd,4,,,2023-10-28
2023-10-29,Bad News Bears,2005,https://boxd.it/54p5Pp,3.5,,,2023-10-28
2023-10-29,AVP: Alien vs. Predator,2004,https://boxd.it/54p67t,,,,2023-10-28
2023-10-29,The Art of Self-Defense,2019,https://boxd.it/54p6jf,,,,2023-10-28
2023-10-29,The Accountant,2016,https://boxd.it/54p6qv,4,,,2023-10-28
2023-10-30,War of the Worlds,2005,https://boxd.it/54OYL3,4,,,2023-10-29
2023-11-12,Zombieland: Double Tap,2019,https://boxd.it/598c0z,,,,2023-11-11
2023-11-12,National Lampoon's Vacation,1983,https://boxd.it/598cpz,,,,2023-11-11
2023-11-12,"Yours, Mine & Ours",2005,https://boxd.it/598cxX,3.5,,,2023-11-11
2023-11-12,Weekend at Bernie's,1989,https://boxd.it/598cLZ,,,,2023-11-11
2023-11-12,Wayne's World,1992,https://boxd.it/598fy5,,,,2023-11-11
2023-11-12,The Water Horse,2007,https://boxd.it/598gaj,,,,2023-11-11
2023-11-12,Tommy Boy,1995,https://boxd.it/598go1,4.5,,,2023-11-11
2023-11-12,This Is 40,2012,https://boxd.it/598gxd,,,,2023-11-11
2023-11-12,Swordfish,2001,https://boxd.it/598gLf,,,,2023-11-11
2023-11-12,The Switch,2010,https://boxd.it/598gW3,,,,2023-11-11
2023-11-12,Swingers,1996,https://boxd.it/598h47,,,,2023-11-11
2023-11-12,Return of the Jedi,1983,https://boxd.it/598hw1,3.5,,,2023-11-11
2023-11-12,The Empire Strikes Back,1980,https://boxd.it/598hHt,3.5,,,2023-11-11
2023-11-12,Star Wars,1977,https://boxd.it/598hVF,3.5,,,2023-11-11
2023-11-12,Star Wars: Episode III – Revenge of the Sith,2005,https://boxd.it/598ifv,3.5,,,2023-11-11
2023-11-12,Star Wars: Episode II – Attack of the Clones,2002,https://boxd.it/598iqX,3.5,,,2023-11-11
2023-11-12,Star Wars: Episode I – The Phantom Menace,1999,https://boxd.it/598iCz,3.5,,,2023-11-11
2023-11-12,Sideways,2004,https://boxd.it/598j0V,,,,2023-11-11
2023-11-12,Shutter Island,2010,https://boxd.it/598jej,4.5,,,2023-11-11
2023-11-12,Shaft,2000,https://boxd.it/598kcD,,,,2023-11-11
2023-11-12,Se7en,1995,https://boxd.it/598ks7,3.5,,,2023-11-11
2023-11-12,Jigsaw,2017,https://boxd.it/598kMV,4,,,2023-11-11
2023-11-12,Saw 3D,2010,https://boxd.it/598lbB,4,,,2023-11-11
2023-11-12,Saw VI,2009,https://boxd.it/598luD,4,,,2023-11-11
2023-11-12,Saw V,2008,https://boxd.it/598lHn,4,,,2023-11-11
2023-11-12,Saw IV,2007,https://boxd.it/598lZ7,4,,,2023-11-11
2023-11-12,Saw III,2006,https://boxd.it/598map,4,,,2023-11-11
2023-11-12,Saw II,2005,https://boxd.it/598mjL,4,,,2023-11-11
2023-11-12,Saw,2004,https://boxd.it/598mth,4,,,2023-11-11
2023-11-12,Run Fatboy Run,2007,https://boxd.it/598mHj,,,,2023-11-11
2023-11-12,Puss in Boots,2011,https://boxd.it/598mZH,3.5,,,2023-11-11
2023-11-12,Ocean's Thirteen,2007,https://boxd.it/598o9X,,,,2023-11-11
2023-11-12,Ocean's Twelve,2004,https://boxd.it/598opL,,,,2023-11-11
2023-11-12,Ocean's Eleven,2001,https://boxd.it/598oCb,,,,2023-11-11
2023-11-12,Ocean's Eleven,1960,https://boxd.it/598oLH,,,,2023-11-11
2023-11-12,Mr. Woodcock,2007,https://boxd.it/598oWl,,,,2023-11-11
2023-11-12,"Monsters, Inc.",2001,https://boxd.it/598p9f,4.5,,,2023-11-11
2023-11-12,Monster House,2006,https://boxd.it/598pmD,3,,,2023-11-11
2023-11-12,Mean Girls,2004,https://boxd.it/598ptz,4,,,2023-11-11
2023-11-12,Madagascar 3: Europe's Most Wanted,2012,https://boxd.it/598pBN,,,,2023-11-11
2023-11-12,Lower Learning,2008,https://boxd.it/598pLD,,,,2023-11-11
2023-11-12,The Little Rascals Save the Day,2014,https://boxd.it/598qCH,,,,2023-11-11
2023-11-12,The Little Rascals,1994,https://boxd.it/598qNb,3.5,,,2023-11-11
2023-11-12,Little Nicky,2000,https://boxd.it/598r13,3,,,2023-11-11
2023-11-12,The Lego Batman Movie,2017,https://boxd.it/598r8X,,,,2023-11-11
2023-11-12,Kick-Ass 2,2013,https://boxd.it/598rvd,4,,,2023-11-11
2023-11-12,Kick-Ass,2010,https://boxd.it/598rCX,4,,,2023-11-11
2023-11-12,Ghostbusters II,1989,https://boxd.it/598rOJ,3.5,,,2023-11-11
2023-11-12,Ghostbusters,1984,https://boxd.it/598rVl,3.5,,,2023-11-11
2023-11-12,It's a Wonderful Life,1946,https://boxd.it/598tfV,4,,,2023-11-11
2023-11-12,Hot Tub Time Machine 2,2015,https://boxd.it/598v0N,4,,,2023-11-11
2023-11-12,Heat,1995,https://boxd.it/598vaX,4.5,,,2023-11-11
2023-11-12,The Heartbreak Kid,2007,https://boxd.it/598vuD,3.5,,,2023-11-11
2023-11-12,Fight Club,1999,https://boxd.it/598xzl,4,,,2023-11-11
2023-11-12,Fever Pitch,2005,https://boxd.it/598xSd,,,,2023-11-11
2023-11-12,Ex Machina,2015,https://boxd.it/598y0V,4.5,,,2023-11-11
2023-11-12,Edward Scissorhands,1990,https://boxd.it/598ya7,,,,2023-11-11
2023-11-12,Dickie Roberts: Former Child Star,2003,https://boxd.it/598yjX,,,,2023-11-11
2023-11-12,National Lampoon's Christmas Vacation,1989,https://boxd.it/598ywn,,,,2023-11-11
2023-11-12,Cheaper by the Dozen 2,2005,https://boxd.it/598yI9,4,,,2023-11-11
2023-11-12,Grimsby,2016,https://boxd.it/598zjJ,4,,,2023-11-11
2023-11-12,Brave,2012,https://boxd.it/598zwD,,,,2023-11-11
2023-11-12,Aliens vs Predator: Requiem,2007,https://boxd.it/598zIp,,,,2023-11-11
2023-11-12,Angel Has Fallen,2019,https://boxd.it/598zTx,4,,,2023-11-11
2023-11-12,Ali G Indahouse,2002,https://boxd.it/598A25,4.5,,,2023-11-11
2023-11-25,X-Men: First Class,2011,https://boxd.it/5dh7Sv,4,,,2023-11-24
2023-11-25,The Wolverine,2013,https://boxd.it/5dh81R,,,,2023-11-24
2023-11-25,A Walk to Remember,2002,https://boxd.it/5dh8e7,,,,2023-11-24
2023-11-25,A Thousand Words,2012,https://boxd.it/5dh8o7,3.5,,,2023-11-24
2023-11-25,Taken 3,2014,https://boxd.it/5dh8y7,,,,2023-11-24
2023-11-25,Taken 2,2012,https://boxd.it/5dh8DL,,,,2023-11-24
2023-11-25,Taken,2008,https://boxd.it/5dh8JJ,,,,2023-11-24
2023-11-25,Shrek Forever After,2010,https://boxd.it/5dhaYL,3.5,,,2023-11-24
2023-11-25,Shazam!,2019,https://boxd.it/5dhb6P,3,,,2023-11-24
2023-11-25,Shaun of the Dead,2004,https://boxd.it/5dhbdh,,,,2023-11-24
2023-11-25,RoboCop,2014,https://boxd.it/5dhbsV,3.5,,,2023-11-24
2023-11-25,Rambo III,1988,https://boxd.it/5dhbTx,,,,2023-11-24
2023-11-25,The Taking of Pelham 1 2 3,2009,https://boxd.it/5dhc4P,,,,2023-11-24
2023-11-25,The NeverEnding Story II: The Next Chapter,1990,https://boxd.it/5dhckj,,,,2023-11-24
2023-11-25,The NeverEnding Story,1984,https://boxd.it/5dhcpX,4,,,2023-11-24
2023-11-25,Midnight Run,1988,https://boxd.it/5dhcAh,,,,2023-11-24
2023-11-25,Jay and Silent Bob Strike Back,2001,https://boxd.it/5dhcGJ,,,,2023-11-24
2023-11-25,GoodFellas,1990,https://boxd.it/5dhcQT,5,,,2023-11-24
2023-11-25,The Godfather Part III,1990,https://boxd.it/5dhd0f,,,,2023-11-24
2023-11-25,Full Metal Jacket,1987,https://boxd.it/5dhd89,4,,,2023-11-24
2023-11-25,Blade: House of Chthon,2006,https://boxd.it/5dhduJ,,,,2023-11-24
2023-11-25,Blade: Trinity,2004,https://boxd.it/5dhdG1,,,,2023-11-24
2023-11-25,Blade II,2002,https://boxd.it/5dhdNB,,,,2023-11-24
2023-11-25,Blade,1998,https://boxd.it/5dhdVP,,,,2023-11-24
2023-11-25,American Psycho,2000,https://boxd.it/5dhe8p,4,,,2023-11-24
2023-11-27,Willy Wonka & the Chocolate Factory,1971,https://boxd.it/5e5Ucj,3.5,,,2023-11-26
2023-11-27,Top Gun,1986,https://boxd.it/5e5Ush,3.5,,,2023-11-26
2023-11-27,Scarface,1983,https://boxd.it/5e5UDT,4,,,2023-11-26
2023-11-27,Rumor Has It...,2005,https://boxd.it/5e5UQt,,,,2023-11-26
2023-11-27,Rambo,2008,https://boxd.it/5e5V0X,,,,2023-11-26
2023-11-27,Mulan II,2004,https://boxd.it/5e5Vg7,,,,2023-11-26
2023-11-27,Mulan,1998,https://boxd.it/5e5VKr,4,,,2023-11-26
2023-11-27,Major League,1989,https://boxd.it/5e5VVf,4,,,2023-11-26
2023-11-27,Looper,2012,https://boxd.it/5e5Wap,4,,,2023-11-26
2023-11-27,The Legend of Tarzan,2016,https://boxd.it/5e5Wpp,,,,2023-11-26
2023-11-27,The Godfather Part II,1974,https://boxd.it/5e5WA3,,,,2023-11-26
2023-11-27,Enchanted,2007,https://boxd.it/5e5WOf,,,,2023-11-26
2023-11-27,Chicken Little,2005,https://boxd.it/5e5X7V,4,,,2023-11-26
2023-11-27,Bad Santa,2003,https://boxd.it/5e5XhB,,,,2023-11-26
2023-12-30,What Women Want,2000,https://boxd.it/5qSRAj,1,,,2023-12-29
2023-12-30,A Night at the Roxbury,1998,https://boxd.it/5qSRJv,4,,,2023-12-29
2023-12-30,"Legally Blonde 2: Red, White & Blonde",2003,https://boxd.it/5qSRRJ,,,,2023-12-29
2023-12-30,Legally Blonde,2001,https://boxd.it/5qSRXx,,,,2023-12-29
2023-12-30,Get Out,2017,https://boxd.it/5qSS65,4,,,2023-12-29
2023-12-30,Friday After Next,2002,https://boxd.it/5qSSp7,,,,2023-12-29
2023-12-30,Next Friday,2000,https://boxd.it/5qSSyN,,,,2023-12-29
2023-12-30,Friday,1995,https://boxd.it/5qSSMv,,,,2023-12-29
2023-12-30,Despicable Me 3,2017,https://boxd.it/5qSSVd,,,,2023-12-29
2023-12-30,Air Force One,1997,https://boxd.it/5qST2j,,,,2023-12-29
2023-12-31,Zodiac,2007,https://boxd.it/5rAY3T,,,,2023-12-30
2023-12-31,The Wedding Planner,2001,https://boxd.it/5rAYlX,,,,2023-12-30
2023-12-31,Stuart Little,1999,https://boxd.it/5rAYIR,,,,2023-12-30
2023-12-31,Ratatouille,2007,https://boxd.it/5rAYYF,4,,,2023-12-30
2023-12-31,Made,2001,https://boxd.it/5rAZd1,,,,2023-12-30
2023-12-31,Lethal Weapon 4,1998,https://boxd.it/5rAZtD,,,,2023-12-30
2023-12-31,"I Love You, Man",2009,https://boxd.it/5rAZQH,,,,2023-12-30
2023-12-31,Groundhog Day,1993,https://boxd.it/5rB0cN,4,,,2023-12-30
2023-12-31,Driving Miss Daisy,1989,https://boxd.it/5rB0qb,,,,2023-12-30
2023-12-31,Donnie Darko,2001,https://boxd.it/5rB0Kl,4,,,2023-12-30
2023-12-31,Cheaper by the Dozen,2003,https://boxd.it/5rB0ZZ,4,,,2023-12-30
2023-12-31,McHale's Navy,1997,https://boxd.it/5rRbfP,,,,2023-12-30
2023-12-31,Sgt. Bilko,1996,https://boxd.it/5rRbxJ,3.5,,,2023-12-30
2023-12-31,Major Payne,1995,https://boxd.it/5rRcf7,,,,2023-12-30
2023-12-31,No Time to Die,2021,https://boxd.it/5rRcNj,4,,,2023-12-30
2023-12-31,Spectre,2015,https://boxd.it/5rRdhj,4,,,2023-12-30
2023-12-31,Skyfall,2012,https://boxd.it/5rRdud,4.5,,,2023-12-30
2023-12-31,Quantum of Solace,2008,https://boxd.it/5rRe5X,3.5,,,2023-12-30
2023-12-31,Casino Royale,2006,https://boxd.it/5rReVz,4,,,2023-12-30
2024-01-06,X-Men Origins: Wolverine,2009,https://boxd.it/5vGFFH,4,,,2024-01-05
2024-01-06,Logan,2017,https://boxd.it/5vGFWj,4,,,2024-01-05
2024-01-06,Dark Phoenix,2019,https://boxd.it/5vGGed,,,,2024-01-05
2024-01-07,Vegas Vacation,1997,https://boxd.it/5weHEf,,,,2024-01-06
2024-01-07,The Theory of Everything,2014,https://boxd.it/5weIh7,,,,2024-01-06
2024-01-07,Shallow Hal,2001,https://boxd.it/5weIzv,,,,2024-01-06
2024-01-07,Letters to Juliet,2010,https://boxd.it/5weIYb,,,,2024-01-06
2024-01-07,Hotel Transylvania 2,2015,https://boxd.it/5weJs1,,,,2024-01-06
2024-01-07,Harold & Kumar Escape from Guantanamo Bay,2008,https://boxd.it/5weJX9,,,,2024-01-06
2024-01-07,Duplex,2003,https://boxd.it/5weLWn,,,,2024-01-06
2024-01-07,Downsizing,2017,https://boxd.it/5weMff,,,,2024-01-06
2024-01-07,The Breakfast Club,1985,https://boxd.it/5weMxN,,,,2024-01-06
2024-01-07,Black Sheep,1996,https://boxd.it/5weN1N,,,,2024-01-06
2024-01-07,The Big Lebowski,1998,https://boxd.it/5weNKj,4,,,2024-01-06
2024-01-07,42,2013,https://boxd.it/5weOv5,3.5,,,2024-01-06
2024-01-14,What to Expect When You're Expecting,2012,https://boxd.it/5AeNWb,3,,,2024-01-13
2024-01-14,Spies Like Us,1985,https://boxd.it/5AeOkH,,,,2024-01-13
2024-01-14,The Revenant,2015,https://boxd.it/5AeOCB,4,,,2024-01-13
2024-01-14,"Planes, Trains and Automobiles",1987,https://boxd.it/5AeP09,4,,,2024-01-13
2024-01-14,Monster-in-Law,2005,https://boxd.it/5AePq7,,,,2024-01-13
2024-01-14,The Men Who Stare at Goats,2009,https://boxd.it/5AePNv,3,,,2024-01-13
2024-01-14,Lucky Number Slevin,2006,https://boxd.it/5AeQbd,,,,2024-01-13
2024-01-14,The Lord of the Rings: The Return of the King,2003,https://boxd.it/5AeQGl,3,,,2024-01-13
2024-01-14,The Lord of the Rings: The Two Towers,2002,https://boxd.it/5AeQQZ,3,,,2024-01-13
2024-01-14,The Lord of the Rings: The Fellowship of the Ring,2001,https://boxd.it/5AeR5Z,3,,,2024-01-13
2024-01-14,Ghosts of Girlfriends Past,2009,https://boxd.it/5AeSjX,,,,2024-01-13
2024-01-14,Galaxy Quest,1999,https://boxd.it/5AeTh9,,,,2024-01-13
2024-01-14,The Fugitive,1993,https://boxd.it/5AeTNT,4,,,2024-01-13
2024-01-14,The Day After Tomorrow,2004,https://boxd.it/5AeUpt,3.5,,,2024-01-13
2024-01-14,Chappie,2015,https://boxd.it/5AeUSZ,4.5,,,2024-01-13
2024-01-14,Bulletproof,1996,https://boxd.it/5AeVpf,,,,2024-01-13
2024-01-20,1917,2019,https://boxd.it/5De8M7,4,,,2024-01-19
2024-01-21,Interstellar,2014,https://boxd.it/5E5hKv,4.5,,,2024-01-20
2024-01-22,Prison Break: The Final Break,2009,https://boxd.it/5EsIzb,3.5,,,2024-01-21
2024-01-27,My Cousin Vinny,1992,https://boxd.it/5GZKKJ,5,,,2024-01-26
2024-01-27,Money Monster,2016,https://boxd.it/5GZKRP,,,,2024-01-26
2024-01-27,Flirting with Disaster,1996,https://boxd.it/5GZL2j,,,,2024-01-26
2024-01-27,Carnage,2011,https://boxd.it/5GZLoT,,,,2024-01-26
2024-01-27,BASEketball,1998,https://boxd.it/5GZLAF,4,,,2024-01-26
2024-02-05,The Prestige,2006,https://boxd.it/5LupLp,5,,,2024-02-04
2024-02-11,Insomnia,2002,https://boxd.it/5NUdx1,,,,2024-02-10
2024-02-11,The Devil's Advocate,1997,https://boxd.it/5NUeX5,,,,2024-02-10
2024-02-11,We Bought a Zoo,2011,https://boxd.it/5NUfbh,,,,2024-02-10
2024-02-11,Watchmen,2009,https://boxd.it/5NUflV,3.5,,,2024-02-10
2024-02-11,War Dogs,2016,https://boxd.it/5NUfCn,4,,,2024-02-10
2024-02-11,Unbroken,2014,https://boxd.it/5NUfUB,3.5,,,2024-02-10
2024-02-11,Terminator Salvation,2009,https://boxd.it/5NUgjB,,,,2024-02-10
2024-02-11,The Sixth Sense,1999,https://boxd.it/5NUgw1,,,,2024-02-10
2024-02-11,Sin City,2005,https://boxd.it/5NUgHt,,,,2024-02-10
2024-02-11,Shark Tale,2004,https://boxd.it/5NUgS7,,,,2024-02-10
2024-02-11,Rain Man,1988,https://boxd.it/5NUh3f,4,,,2024-02-10
2024-02-11,Predator,1987,https://boxd.it/5NUhpb,,,,2024-02-10
2024-02-11,Pirates of the Caribbean: The Curse of the Black Pearl,2003,https://boxd.it/5NUhEP,4,,,2024-02-10
2024-02-11,The Pink Panther 2,2009,https://boxd.it/5NUhZD,4,,,2024-02-10
2024-02-11,Noah,2014,https://boxd.it/5NUi8v,,,,2024-02-10
2024-02-11,Memento,2000,https://boxd.it/5NUiiv,3.5,,,2024-02-10
2024-02-11,The Magnificent Seven,2016,https://boxd.it/5NUixb,,,,2024-02-10
2024-02-11,Little Man,2006,https://boxd.it/5NUiLR,,,,2024-02-10
2024-02-11,Justice League,2017,https://boxd.it/5NUiW1,,,,2024-02-10
2024-02-11,Jaws,1975,https://boxd.it/5NUj5R,,,,2024-02-10
2024-02-11,Hoot,2006,https://boxd.it/5NUjhX,,,,2024-02-10
2024-02-11,Holes,2003,https://boxd.it/5NUjwX,4,,,2024-02-10
2024-02-11,The Haunted Mansion,2003,https://boxd.it/5NUk6V,,,,2024-02-10
2024-02-11,Hacksaw Ridge,2016,https://boxd.it/5NUknx,4,,,2024-02-10
2024-02-11,Flight,2012,https://boxd.it/5NUkAB,4,,,2024-02-10
2024-02-11,Finding Nemo,2003,https://boxd.it/5NUkR3,4.5,,,2024-02-10
2024-02-11,The Day the Earth Stood Still,2008,https://boxd.it/5NUlmb,4,,,2024-02-10
2024-02-11,Criminal,2004,https://boxd.it/5NUlFx,3.5,,,2024-02-10
2024-02-11,The Counselor,2013,https://boxd.it/5NUmB7,,,,2024-02-10
2024-02-11,Con Air,1997,https://boxd.it/5NUmNd,4,,,2024-02-10
2024-02-11,Casino,1995,https://boxd.it/5NUmTF,4,,,2024-02-10
2024-02-11,Brother Bear,2003,https://boxd.it/5NUndl,4,,,2024-02-10
2024-02-11,Atlantis: The Lost Empire,2001,https://boxd.it/5NUnrx,,,,2024-02-10
2024-02-11,Aliens,1986,https://boxd.it/5NUp9v,,,,2024-02-10
2024-02-11,"The Chronicles of Narnia: The Lion, the Witch and the Wardrobe",2005,https://boxd.it/5NUqwZ,4,,,2024-02-10
2024-02-11,The Chronicles of Narnia: The Voyage of the Dawn Treader,2010,https://boxd.it/5NUqNB,3.5,,,2024-02-10
2024-02-26,Oppenheimer,2023,https://boxd.it/5V0kiR,4,,,2024-02-25
2024-02-26,The Addams Family,1991,https://boxd.it/5V0kW3,,,,2024-02-25
2024-02-26,Addams Family Values,1993,https://boxd.it/5V0l9h,,,,2024-02-25
2024-02-26,The Croods,2013,https://boxd.it/5V0sNN,,,,2024-02-25
2024-02-26,The Croods: A New Age,2020,https://boxd.it/5V0sWb,,,,2024-02-25
2024-02-26,The Usual Suspects,1995,https://boxd.it/5V0ti7,,,,2024-02-25
2024-02-26,Kill Bill: Vol. 2,2004,https://boxd.it/5V0tQD,,,,2024-02-25
2024-02-26,Kill Bill: Vol. 1,2003,https://boxd.it/5V0u09,,,,2024-02-25
2024-02-26,Aladdin,1992,https://boxd.it/5V0wch,,,,2024-02-25
2024-02-26,Speed Racer,2008,https://boxd.it/5V0xdl,,,,2024-02-25
2024-03-03,The Shining,1980,https://boxd.it/5XCIHP,,,,2024-03-02
2024-03-03,2001: A Space Odyssey,1968,https://boxd.it/5XCJ79,,,,2024-03-02
2024-03-03,Barry Lyndon,1975,https://boxd.it/5XCJsL,,,,2024-03-02
2024-03-03,Eyes Wide Shut,1999,https://boxd.it/5XCKKr,,,,2024-03-02
2024-03-03,Sherlock Holmes: A Game of Shadows,2011,https://boxd.it/5XCLRX,,,,2024-03-02
2024-03-03,Sherlock Holmes,2009,https://boxd.it/5XCM2V,,,,2024-03-02
2024-03-03,Peter Pan,1953,https://boxd.it/5XCWmV,,,,2024-03-02
2024-03-03,Midway,2019,https://boxd.it/5XCXkL,,,,2024-03-02
2024-03-03,Midsommar,2019,https://boxd.it/5XCXxF,,,,2024-03-02
2024-03-03,Mary Poppins,1964,https://boxd.it/5XCXSt,,,,2024-03-02
2024-03-03,Lara Croft: Tomb Raider – The Cradle of Life,2003,https://boxd.it/5XCYkR,,,,2024-03-02
2024-03-03,Lara Croft: Tomb Raider,2001,https://boxd.it/5XCYA1,,,,2024-03-02
2024-03-03,The Judge,2014,https://boxd.it/5XCYNJ,,,,2024-03-02
2024-03-03,The Irishman,2019,https://boxd.it/5XCZ5N,,,,2024-03-02
2024-03-03,Grudge Match,2013,https://boxd.it/5XCZuD,,,,2024-03-02
2024-03-03,Emperor,2012,https://boxd.it/5XD1GV,,,,2024-03-02
2024-03-03,Dunkirk,2017,https://boxd.it/5XD1TF,4,,,2024-03-02
2024-03-03,Dope,2015,https://boxd.it/5XD2e9,,,,2024-03-02
2024-03-03,Carlito's Way,1993,https://boxd.it/5XD2vT,,,,2024-03-02
2024-03-03,The Bad News Bears,1976,https://boxd.it/5XD2S9,3,,,2024-03-02
2024-03-15,8 Heads in a Duffel Bag,1997,https://boxd.it/63fWED,,,,2024-03-14
2024-03-15,Ruthless People,1986,https://boxd.it/63fWU7,,,,2024-03-14
2024-03-15,Behind Enemy Lines,2001,https://boxd.it/63fX6x,,,,2024-03-14
2024-03-15,Friends with Benefits,2011,https://boxd.it/63fXiX,,,,2024-03-14
2024-03-15,Zootopia,2016,https://boxd.it/63fXsj,,,,2024-03-14
2024-03-15,Terminator Genisys,2015,https://boxd.it/63mf8j,,,,2024-03-14
2024-03-15,Terminator 3: Rise of the Machines,2003,https://boxd.it/63mfhb,,,,2024-03-14
2024-03-15,The Terminator,1984,https://boxd.it/63mfmP,4,,,2024-03-14
2024-03-15,RoboCop,1987,https://boxd.it/63mgcB,,,,2024-03-14
2024-03-15,Mad Max,1979,https://boxd.it/63mgCp,,,,2024-03-14
2024-03-15,Pirates of the Caribbean: At World's End,2007,https://boxd.it/63mgVL,4,,,2024-03-14
2024-03-15,Pirates of the Caribbean: Dead Man's Chest,2006,https://boxd.it/63mh3v,4,,,2024-03-14
2024-03-15,Magnum Force,1973,https://boxd.it/63mhr3,,,,2024-03-14
2024-03-15,Dirty Harry,1971,https://boxd.it/63mhHF,,,,2024-03-14
2024-03-15,Life of Brian,1979,https://boxd.it/63mhTV,4.5,,,2024-03-14
2024-03-15,The Illusionist,2006,https://boxd.it/63mi6l,3.5,,,2024-03-14
2024-03-15,Hitman,2007,https://boxd.it/63miht,,,,2024-03-14
2024-03-15,Grease,1978,https://boxd.it/63mjO9,,,,2024-03-14
2024-03-15,The Fox and the Hound 2,2006,https://boxd.it/63mjUV,,,,2024-03-14
2024-03-15,The Fox and the Hound,1981,https://boxd.it/63mkiN,4,,,2024-03-14
2024-03-15,Equilibrium,2002,https://boxd.it/63mm1p,,,,2024-03-14
2024-03-15,Bedtime Stories,2008,https://boxd.it/63mmdP,4,,,2024-03-14
2024-03-15,Armageddon,1998,https://boxd.it/63mmvz,,,,2024-03-14
2024-03-15,Anna Karenina,2012,https://boxd.it/63mmX9,,,,2024-03-14
2024-03-15,Tarzan,1999,https://boxd.it/63mwnP,5,,,2024-03-14
2024-03-17,Up,2009,https://boxd.it/64jTdL,4,,,2024-03-16
2024-03-17,St. Vincent,2014,https://boxd.it/64jTpx,,,,2024-03-16
2024-03-17,Stripes,1981,https://boxd.it/64jTB9,,,,2024-03-16
2024-03-17,Southpaw,2015,https://boxd.it/64jTML,,,,2024-03-16
2024-03-17,Snakes on a Plane,2006,https://boxd.it/64jUat,,,,2024-03-16
2024-03-17,The Adventures of Sharkboy and Lavagirl,2005,https://boxd.it/64jUsd,2.5,,,2024-03-16
2024-03-17,The Chronicles of Riddick,2004,https://boxd.it/64jVpz,,,,2024-03-16
2024-03-17,Project X,2012,https://boxd.it/64jX7d,3.5,,,2024-03-16
2024-03-17,Pretty Woman,1990,https://boxd.it/64k2z7,3.5,,,2024-03-16
2024-03-17,Planet 51,2009,https://boxd.it/64k2RZ,3,,,2024-03-16
2024-03-17,Paul Blart: Mall Cop 2,2015,https://boxd.it/64k32t,,,,2024-03-16
2024-03-17,Nerve,2016,https://boxd.it/64k3gv,3,,,2024-03-16
2024-03-17,Good Will Hunting,1997,https://boxd.it/64k3rj,4.5,,,2024-03-16
2024-03-17,The Gambler,2014,https://boxd.it/64k3H7,,,,2024-03-16
2024-03-17,Cloverfield,2008,https://boxd.it/64k3SJ,,,,2024-03-16
2024-03-17,Catwoman,2004,https://boxd.it/64k4cf,,,,2024-03-16
2024-03-17,Ben-Hur,2016,https://boxd.it/64k4tb,,,,2024-03-16
2024-03-24,You've Got Mail,1998,https://boxd.it/67kdSL,,,,2024-03-23
2024-03-24,Youth in Revolt,2009,https://boxd.it/67keaF,,,,2024-03-23
2024-03-24,Suicide Squad,2016,https://boxd.it/67kek1,2.5,,,2024-03-23
2024-03-24,Space Jam,1996,https://boxd.it/67keD3,4,,,2024-03-23
2024-03-24,Patch Adams,1998,https://boxd.it/67kfSt,,,,2024-03-23
2024-03-24,My Big Fat Greek Wedding,2002,https://boxd.it/67kgbZ,,,,2024-03-23
2024-03-24,Monty Python and the Holy Grail,1975,https://boxd.it/67kh83,,,,2024-03-23
2024-03-24,A Million Ways to Die in the West,2014,https://boxd.it/67kiwv,,,,2024-03-23
2024-03-24,Meet Joe Black,1998,https://boxd.it/67kiNL,,,,2024-03-23
2024-03-24,The Little Mermaid,1989,https://boxd.it/67kjK9,4,,,2024-03-23
2024-03-24,Lemony Snicket's A Series of Unfortunate Events,2004,https://boxd.it/67kk23,,,,2024-03-23
2024-03-24,Last Action Hero,1993,https://boxd.it/67kkaL,,,,2024-03-23
2024-03-24,Lady and the Tramp,1955,https://boxd.it/67kkwx,,,,2024-03-23
2024-03-24,How Do You Know,2010,https://boxd.it/67kkLR,,,,2024-03-23
2024-03-24,The Hitman's Bodyguard,2017,https://boxd.it/67kkWP,,,,2024-03-23
2024-03-24,Elf,2003,https://boxd.it/67klbF,4.5,,,2024-03-23
2024-03-24,Coming to America,1988,https://boxd.it/67kllZ,,,,2024-03-23
2024-03-24,Cinderella,1950,https://boxd.it/67klQD,,,,2024-03-23
2024-03-24,The Chronicles of Narnia: Prince Caspian,2008,https://boxd.it/67kmDF,,,,2024-03-23
2024-03-24,A Christmas Carol,2009,https://boxd.it/67knff,,,,2024-03-23
2024-03-24,A Bug's Life,1998,https://boxd.it/67knBP,4.5,,,2024-03-23
2024-03-24,Bambi,1942,https://boxd.it/67knPx,,,,2024-03-23
2024-03-24,Alvin and the Chipmunks,2007,https://boxd.it/67kocr,4,,,2024-03-23
2024-03-24,Alice in Wonderland,1951,https://boxd.it/67koCJ,,,,2024-03-23
2024-03-25,One Flew Over the Cuckoo's Nest,1975,https://boxd.it/67Ndgb,,,,2024-03-24
2024-03-25,Over the Hedge,2006,https://boxd.it/67Ndsh,4,,,2024-03-24
2024-03-25,The Jungle Book,1967,https://boxd.it/67NdFZ,,,,2024-03-24
2024-03-25,Twins,1988,https://boxd.it/67Ne0X,4.5,,,2024-03-24
2024-03-25,Treasure Planet,2002,https://boxd.it/67NegV,,,,2024-03-24
2024-03-25,Rise of the Planet of the Apes,2011,https://boxd.it/67NeKr,3.5,,,2024-03-24
2024-03-25,Alien: Covenant,2017,https://boxd.it/67NeXZ,,,,2024-03-24
2024-03-25,Terminator 2: Judgment Day,1991,https://boxd.it/67NfbR,4,,,2024-03-24
2024-03-25,Red Heat,1988,https://boxd.it/67NfnN,,,,2024-03-24
2024-03-25,Total Recall,1990,https://boxd.it/67NfEJ,3.5,,,2024-03-24
2024-03-25,Prometheus,2012,https://boxd.it/67NgGV,,,,2024-03-24
2024-03-25,Surf's Up,2007,https://boxd.it/67Nh07,4,,,2024-03-24
2024-03-25,Batman v Superman: Dawn of Justice,2016,https://boxd.it/67NiiL,3.5,,,2024-03-24
2024-03-25,Wonder Woman,2017,https://boxd.it/67NiPl,,,,2024-03-24
2024-03-25,Miracle on 34th Street,1947,https://boxd.it/67Njdn,,,,2024-03-24
2024-03-25,Blue Streak,1999,https://boxd.it/67Njr5,,,,2024-03-24
2024-03-25,Open Season 3,2010,https://boxd.it/67Nk21,,,,2024-03-24
2024-03-25,Open Season 2,2008,https://boxd.it/67NkdD,,,,2024-03-24
2024-03-25,Open Season,2006,https://boxd.it/67Nkq3,,,,2024-03-24
2024-03-25,Dawn of the Planet of the Apes,2014,https://boxd.it/67NkMX,3.5,,,2024-03-24
2024-03-25,Fantasia 2000,1999,https://boxd.it/67NlOZ,4,,,2024-03-24
2024-03-31,Venom: Let There Be Carnage,2021,https://boxd.it/6aUf6X,3.5,,,2024-03-30
2024-03-31,The World's End,2013,https://boxd.it/6aUfEv,,,,2024-03-30
2024-03-31,U.S. Marshals,1998,https://boxd.it/6aUhkd,4,,,2024-03-30
2024-03-31,Spiral: From the Book of Saw,2021,https://boxd.it/6aUhI5,3,,,2024-03-30
2024-03-31,Riddick,2013,https://boxd.it/6aUhWL,,,,2024-03-30
2024-03-31,Reservoir Dogs,1992,https://boxd.it/6aUim5,,,,2024-03-30
2024-03-31,The Princess Diaries 2: Royal Engagement,2004,https://boxd.it/6aUiHH,,,,2024-03-30
2024-03-31,No Country for Old Men,2007,https://boxd.it/6aUiWd,4.5,,,2024-03-30
2024-03-31,Naked Gun 33⅓: The Final Insult,1994,https://boxd.it/6aUjer,,,,2024-03-30
2024-03-31,The Naked Gun 2½: The Smell of Fear,1991,https://boxd.it/6aUjo7,4.5,,,2024-03-30
2024-03-31,Maze Runner: The Death Cure,2018,https://boxd.it/6aUlzh,,,,2024-03-30
2024-03-31,Finding Dory,2016,https://boxd.it/6aUman,4,,,2024-03-30
2024-03-31,End of Watch,2012,https://boxd.it/6aUmAl,,,,2024-03-30
2024-04-07,Monsters University,2013,https://boxd.it/6dWmNZ,,,,2024-04-06
2024-04-07,Matilda,1996,https://boxd.it/6dWmXb,4,,,2024-04-06
2024-04-07,Lincoln,2012,https://boxd.it/6dWnbx,,,,2024-04-06
2024-04-07,Hotel Transylvania,2012,https://boxd.it/6dWnq3,,,,2024-04-06
2024-04-07,The Hobbit: The Desolation of Smaug,2013,https://boxd.it/6dWnzf,,,,2024-04-06
2024-04-07,Chicken Run,2000,https://boxd.it/6dWnPH,,,,2024-04-06
2024-04-07,Cars 2,2011,https://boxd.it/6dWo0P,4,,,2024-04-06
2024-04-07,Cars,2006,https://boxd.it/6dWoaF,4.5,,,2024-04-06
2024-04-08,Young Frankenstein,1974,https://boxd.it/6eBBhV,4,,,2024-04-07
2024-04-08,Saw X,2023,https://boxd.it/6eBBEl,4.5,,,2024-04-07
2024-04-14,That's My Boy,2012,https://boxd.it/6gSpwh,,,,2024-04-13
2024-04-14,Welcome to Mooseport,2004,https://boxd.it/6gUEpT,3.5,,,2024-04-13
2024-04-14,Wayne's World 2,1993,https://boxd.it/6gUExN,,,,2024-04-13
2024-04-14,WALL·E,2008,https://boxd.it/6gUEJz,4,,,2024-04-13
2024-04-14,Tangled,2010,https://boxd.it/6gUEQP,,,,2024-04-13
2024-04-14,Stranger Than Fiction,2006,https://boxd.it/6gUF2r,,,,2024-04-13
2024-04-14,The Spiderwick Chronicles,2008,https://boxd.it/6gUFfv,,,,2024-04-13
2024-04-14,The Shaggy Dog,2006,https://boxd.it/6gUFpv,4,,,2024-04-13
2024-04-14,Sausage Party,2016,https://boxd.it/6gUFDR,3,,,2024-04-13
2024-04-14,Pearl Harbor,2001,https://boxd.it/6gUFN3,,,,2024-04-13
2024-04-14,Passengers,2016,https://boxd.it/6gUG1f,,,,2024-04-13
2024-04-14,Old Yeller,1957,https://boxd.it/6gUGcn,,,,2024-04-13
2024-04-14,"O Brother, Where Art Thou?",2000,https://boxd.it/6gUGjt,4,,,2024-04-13
2024-04-14,The Nutty Professor,1996,https://boxd.it/6gUGKp,4,,,2024-04-13
2024-04-14,Maze Runner: The Scorch Trials,2015,https://boxd.it/6gUGSX,,,,2024-04-13
2024-04-14,Life As We Know It,2010,https://boxd.it/6gUHi7,3.5,,,2024-04-13
2024-04-14,Jerry Maguire,1996,https://boxd.it/6gUHpx,,,,2024-04-13
2024-04-14,Jason Bourne,2016,https://boxd.it/6gUHAv,,,,2024-04-13
2024-04-14,Incredibles 2,2018,https://boxd.it/6gUHMh,4,,,2024-04-13
2024-04-14,Here Comes the Boom,2012,https://boxd.it/6gUHW7,,,,2024-04-13
2024-04-14,Grand Canyon,1991,https://boxd.it/6gUI7z,,,,2024-04-13
2024-04-14,The Fighter,2010,https://boxd.it/6gUIUB,,,,2024-04-13
2024-04-14,Fantastic Mr. Fox,2009,https://boxd.it/6gUJ3N,4,,,2024-04-13
2024-04-14,Dog Day Afternoon,1975,https://boxd.it/6gUJeB,,,,2024-04-13
2024-04-14,Defiance,2008,https://boxd.it/6gUJoV,,,,2024-04-13
2024-04-14,The Curious Case of Benjamin Button,2008,https://boxd.it/6gUJAd,,,,2024-04-13
2024-04-14,The Cat in the Hat,2003,https://boxd.it/6gUJJ5,,,,2024-04-13
2024-04-14,The Big Year,2011,https://boxd.it/6gUJQl,,,,2024-04-13
2024-04-14,Big Fish,2003,https://boxd.it/6gUJXr,,,,2024-04-13
2024-04-14,Big,1988,https://boxd.it/6gUK7V,3.5,,,2024-04-13
2024-04-14,Because of Winn-Dixie,2005,https://boxd.it/6gUKsp,4.5,,,2024-04-13
2024-04-14,Beauty and the Beast,1991,https://boxd.it/6gUKO1,,,,2024-04-13
2024-04-14,The Aristocats,1970,https://boxd.it/6gUL5B,,,,2024-04-13
2024-04-14,American Hustle,2013,https://boxd.it/6gULiF,4.5,,,2024-04-13
2024-04-14,Amadeus,1984,https://boxd.it/6gULuV,,,,2024-04-13
2024-04-14,About Schmidt,2002,https://boxd.it/6gUQoD,,,,2024-04-13
2024-05-05,Steel Magnolias,1989,https://boxd.it/6pB0un,,,,2024-05-04
2024-05-05,The SpongeBob SquarePants Movie,2004,https://boxd.it/6pB14b,4,,,2024-05-04
2024-05-05,Sky High,2005,https://boxd.it/6pB1nR,,,,2024-05-04
2024-05-05,The Shakiest Gun in the West,1968,https://boxd.it/6pB2wb,,,,2024-05-04
2024-05-05,The Replacements,2000,https://boxd.it/6pB2HX,,,,2024-05-04
2024-05-05,Maverick,1994,https://boxd.it/6pB33z,,,,2024-05-04
2024-05-05,Kung Fu Panda,2008,https://boxd.it/6pB3ed,,,,2024-05-04
2024-05-05,Joy,2015,https://boxd.it/6pB3t3,,,,2024-05-04
2024-05-05,Jimmy Neutron: Boy Genius,2001,https://boxd.it/6pB3EF,,,,2024-05-04
2024-05-05,Freaky Friday,2003,https://boxd.it/6pB3QB,4,,,2024-05-04
2024-05-05,A Fish Called Wanda,1988,https://boxd.it/6pB4ej,,,,2024-05-04
2024-05-05,Fantastic Beasts and Where to Find Them,2016,https://boxd.it/6pB4K5,,,,2024-05-04
2024-05-05,Entrapment,1999,https://boxd.it/6pB5nL,,,,2024-05-04
2024-05-05,The Emperor's Club,2002,https://boxd.it/6pB5NJ,,,,2024-05-04
2024-05-05,Curious George,2006,https://boxd.it/6pB62z,4,,,2024-05-04
2024-05-05,Bee Movie,2007,https://boxd.it/6pB6dH,3.5,,,2024-05-04
2024-05-05,Airheads,1994,https://boxd.it/6pB6uj,4,,,2024-05-04
2024-05-05,Admission,2013,https://boxd.it/6pB6Xb,,,,2024-05-04
2024-05-06,Star Trek VI: The Undiscovered Country,1991,https://boxd.it/6q1K0P,,,,2024-05-05
2024-05-06,Star Trek V: The Final Frontier,1989,https://boxd.it/6q1Kul,,,,2024-05-05
2024-05-06,Star Trek IV: The Voyage Home,1986,https://boxd.it/6q1KT1,,,,2024-05-05
2024-05-06,Star Trek III: The Search for Spock,1984,https://boxd.it/6q1Le9,,,,2024-05-05
2024-05-06,Star Trek II: The Wrath of Khan,1982,https://boxd.it/6q1Lph,,,,2024-05-05
2024-05-06,Star Trek: The Motion Picture,1979,https://boxd.it/6q1LLd,,,,2024-05-05
2024-05-06,Spy Game,2001,https://boxd.it/6q1MjT,,,,2024-05-05
2024-05-06,The Number 23,2007,https://boxd.it/6q1MEd,3,,,2024-05-05
2024-05-06,Moon,2009,https://boxd.it/6q1OGZ,3.5,,,2024-05-05
2024-05-06,John Q,2002,https://boxd.it/6q1OTf,,,,2024-05-05
2024-05-06,Harlem Nights,1989,https://boxd.it/6q1Pdf,,,,2024-05-05
2024-05-06,The Greatest Showman,2017,https://boxd.it/6q1PkZ,,,,2024-05-05
2024-05-06,A Good Day to Die Hard,2013,https://boxd.it/6q1PBr,,,,2024-05-05
2024-05-06,Collateral,2004,https://boxd.it/6q1PNn,4,,,2024-05-05
2024-05-06,A Charlie Brown Christmas,1965,https://boxd.it/6q1QeN,,,,2024-05-05
2024-05-06,Blade Runner,1982,https://boxd.it/6q1QEL,,,,2024-05-05
2024-05-06,Analyze This,1999,https://boxd.it/6q1RLN,,,,2024-05-05
2024-05-27,Spirit: Stallion of the Cimarron,2002,https://boxd.it/6yqos5,4.5,,,2024-05-26
2024-05-27,Fargo,1996,https://boxd.it/6yqoH5,4,,,2024-05-26
2024-07-02,Storks,2016,https://boxd.it/6MQDcJ,,,,2024-07-01
2024-07-02,Pacific Rim,2013,https://boxd.it/6MQDtl,,,,2024-07-01
2024-08-09,El Camino: A Breaking Bad Movie,2019,https://boxd.it/73IbGN,,,,2024-08-08
2024-08-27,Babylon,2022,https://boxd.it/7cgy2B,,,,2024-08-27
2024-08-27,Batman,1989,https://boxd.it/7cgyyx,,,,2024-08-27
2024-08-27,Batman Returns,1992,https://boxd.it/7cgyUX,,,,2024-08-27
2024-08-27,Batman Forever,1995,https://boxd.it/7cgz8Z,,,,2024-08-27
2024-08-27,Batman & Robin,1997,https://boxd.it/7cgzlf,,,,2024-08-27
2024-08-27,My Big Fat Greek Wedding 3,2023,https://boxd.it/7cgzzB,,,,2024-08-27
2024-09-02,How to Train Your Dragon 2,2014,https://boxd.it/7f0DWz,,,,2024-09-02
2024-09-02,How to Train Your Dragon,2010,https://boxd.it/7f0DZX,,,,2024-09-02
2024-11-02,Deadpool & Wolverine,2024,https://boxd.it/7HMNaN,4,,,2024-11-01
2024-11-02,The Time Traveler's Wife,2009,https://boxd.it/7HMNxd,,,,2024-11-01
2024-11-02,50/50,2011,https://boxd.it/7HMNIv,,,,2024-11-01
2024-11-02,The Savages,2007,https://boxd.it/7HMOqn,,,,2024-11-01
2024-11-02,Boiler Room,2000,https://boxd.it/7HMODB,4,,,2024-11-01
2024-11-02,Road Trip,2000,https://boxd.it/7HMOP3,,,,2024-11-01
2024-11-02,John Tucker Must Die,2006,https://boxd.it/7HMP0b,,,,2024-11-01
2024-11-02,Double Jeopardy,1999,https://boxd.it/7HMQJB,,,,2024-11-01
2024-11-02,Nanny McPhee,2005,https://boxd.it/7HMQX9,,,,2024-11-01
2024-11-02,The Twilight Saga: New Moon,2009,https://boxd.it/7HMRaH,,,,2024-11-01
2024-11-02,The Twilight Saga: Eclipse,2010,https://boxd.it/7HMRnB,,,,2024-11-01
2024-11-02,Twilight,2008,https://boxd.it/7HMRAb,,,,2024-11-01
2024-11-02,Holiday Inn,1942,https://boxd.it/7HMSeZ,,,,2024-11-01
2024-11-02,Captain America: The First Avenger,2011,https://boxd.it/7HMSxR,,,,2024-11-01
2024-11-02,Black Panther,2018,https://boxd.it/7HMSMH,,,,2024-11-01
2024-11-02,Cinderella Man,2005,https://boxd.it/7HMT1H,,,,2024-11-01
2024-11-02,Life of Pi,2012,https://boxd.it/7HMTcb,,,,2024-11-01
2024-11-02,Godzilla,2014,https://boxd.it/7HMTGP,,,,2024-11-01
2024-11-02,The Big Short,2015,https://boxd.it/7HMTQl,,,,2024-11-01
2024-11-02,Saving Mr. Banks,2013,https://boxd.it/7HMU2L,,,,2024-11-01
2024-11-02,10 Things I Hate About You,1999,https://boxd.it/7HMXV5,,,,2024-11-01
2024-11-02,Aladdin,2019,https://boxd.it/7HN153,,,,2024-11-01
2024-11-02,Big Hero 6,2014,https://boxd.it/7HN2JD,,,,2024-11-01
2024-11-02,A Cinderella Story,2004,https://boxd.it/7HN3An,,,,2024-11-01
2024-11-02,Clueless,1995,https://boxd.it/7HN4GL,,,,2024-11-01
2024-11-02,The DUFF,2015,https://boxd.it/7HN53F,,,,2024-11-01
2024-11-02,Encino Man,1992,https://boxd.it/7HN6CL,,,,2024-11-01
2024-11-02,The Fault in Our Stars,2014,https://boxd.it/7HN9Yl,,,,2024-11-01
2024-11-02,Fly Away Home,1996,https://boxd.it/7HNat9,,,,2024-11-01
2024-11-02,Frozen,2013,https://boxd.it/7HNaZf,,,,2024-11-01
2024-11-02,Harry Potter and the Deathly Hallows: Part 2,2011,https://boxd.it/7HNe4R,4,,,2024-11-01
2024-11-02,Harry Potter and the Deathly Hallows: Part 1,2010,https://boxd.it/7HNep1,4,,,2024-11-01
2024-11-02,Harry Potter and the Half-Blood Prince,2009,https://boxd.it/7HNf7R,4,,,2024-11-01
2024-11-02,Harry Potter and the Order of the Phoenix,2007,https://boxd.it/7HNfrR,4,,,2024-11-01
2024-11-02,Harry Potter and the Goblet of Fire,2005,https://boxd.it/7HNg2N,4,,,2024-11-01
2024-11-02,Harry Potter and the Prisoner of Azkaban,2004,https://boxd.it/7HNggF,4,,,2024-11-01
2024-11-02,Harry Potter and the Chamber of Secrets,2002,https://boxd.it/7HNgwN,4,,,2024-11-01
2024-11-02,Harry Potter and the Philosopher's Stone,2001,https://boxd.it/7HNgHV,4,,,2024-11-01
2024-11-02,My Girl,1991,https://boxd.it/7HNjv9,,,,2024-11-01
2024-11-02,The Nightmare Before Christmas,1993,https://boxd.it/7HNkFf,,,,2024-11-01
2024-11-02,The Outsiders,1983,https://boxd.it/7HNlx7,,,,2024-11-01
2024-11-02,Paper Towns,2015,https://boxd.it/7HNlZF,,,,2024-11-01
2024-11-02,Paris Je T'aime,2006,https://boxd.it/7HNmzj,,,,2024-11-01
2024-11-02,The Perks of Being a Wallflower,2012,https://boxd.it/7HNnFx,,,,2024-11-01
2024-11-02,The Princess Diaries,2001,https://boxd.it/7HNpn1,,,,2024-11-01
2024-11-02,Roman Holiday,1953,https://boxd.it/7HNqHB,,,,2024-11-01
2024-11-02,Sabrina,1954,https://boxd.it/7HNrBz,,,,2024-11-01
2024-11-02,Snow White and the Huntsman,2012,https://boxd.it/7HNsGP,,,,2024-11-01
2024-11-02,The Village,2004,https://boxd.it/7HNueX,,,,2024-11-01
2024-11-02,The Parent Trap,1998,https://boxd.it/7HNuOh,,,,2024-11-01
2024-11-02,The Notebook,2004,https://boxd.it/7HNv9T,,,,2024-11-01
2024-11-02,La La Land,2016,https://boxd.it/7HNMFx,,,,2024-11-01
2024-11-04,Scream,1996,https://boxd.it/7IPVhR,,,,2024-11-03
2024-11-04,Scream 2,1997,https://boxd.it/7IPVxP,,,,2024-11-03
2024-11-04,Scream 3,2000,https://boxd.it/7IPW2X,,,,2024-11-03
2024-11-28,Without a Paddle,2004,https://boxd.it/7UWqD5,,,,2024-11-27
2024-11-28,The Weather Man,2005,https://boxd.it/7UWqVX,,,,2024-11-27
2024-11-28,Valentine's Day,2010,https://boxd.it/7UWr7f,,,,2024-11-27
2024-11-28,Undercover Brother,2002,https://boxd.it/7UWrlV,,,,2024-11-27
2024-11-28,Two Weeks Notice,2002,https://boxd.it/7UWrtP,,,,2024-11-27
2024-11-28,Trainwreck,2015,https://boxd.it/7UWyxp,,,,2024-11-27
2024-11-28,Tinker Bell and the Legend of the NeverBeast,2014,https://boxd.it/7UWyQL,,,,2024-11-27
2024-11-28,A Time to Kill,1996,https://boxd.it/7UWz73,,,,2024-11-27
2024-11-28,Superstar,1999,https://boxd.it/7UWzib,,,,2024-11-27
2024-11-28,Stillwater,2021,https://boxd.it/7UWzr3,,,,2024-11-27
2024-11-28,The Spy Who Dumped Me,2018,https://boxd.it/7UWzBR,,,,2024-11-27
2024-11-28,Seven Pounds,2008,https://boxd.it/7UWzMb,,,,2024-11-27
2024-11-28,Senseless,1998,https://boxd.it/7UWzUp,,,,2024-11-27
2024-11-28,Savages,2012,https://boxd.it/7UWA4p,,,,2024-11-27
2024-11-28,Return to Nim's Island,2013,https://boxd.it/7UWAA1,,,,2024-11-27
2024-11-28,Phone Booth,2002,https://boxd.it/7UWAIp,,,,2024-11-27
2024-11-28,Overboard,1987,https://boxd.it/7UWATd,,,,2024-11-27
2024-11-28,Out Cold,2001,https://boxd.it/7UWB41,,,,2024-11-27
2024-11-28,Orgazmo,1997,https://boxd.it/7UWBeZ,4,,,2024-11-27
2024-11-28,Once Upon a Time in America,1984,https://boxd.it/7UWBuN,,,,2024-11-27
2024-11-28,Lady Bird,2017,https://boxd.it/7UWBGz,,,,2024-11-27
2024-11-28,Knight and Day,2010,https://boxd.it/7UWBWH,,,,2024-11-27
2024-11-28,Instant Family,2018,https://boxd.it/7UWC4r,,,,2024-11-27
2024-11-28,Hotel Rwanda,2004,https://boxd.it/7UWCbn,,,,2024-11-27
2024-11-28,The Girl Next Door,2004,https://boxd.it/7UWCln,,,,2024-11-27
2024-11-28,Get Shorty,1995,https://boxd.it/7UWCxX,,,,2024-11-27
2024-11-28,Eraser,1996,https://boxd.it/7UWCMD,,,,2024-11-27
2024-11-28,Empire of the Sun,1987,https://boxd.it/7UWCVF,,,,2024-11-27
2024-11-28,Dumbo,1941,https://boxd.it/7UWDId,,,,2024-11-27
2024-11-28,Division III: Football's Finest,2011,https://boxd.it/7UWDRp,,,,2024-11-27
2024-11-28,Daddy Day Camp,2007,https://boxd.it/7UWE2R,,,,2024-11-27
2024-11-28,Cold Pursuit,2019,https://boxd.it/7UWEcn,,,,2024-11-27
2024-11-28,The Card Counter,2021,https://boxd.it/7UWEkB,,,,2024-11-27
2024-11-28,Boat Trip,2002,https://boxd.it/7UWEtj,,,,2024-11-27
2024-11-28,Birds of Prey (and the Fantabulous Emancipation of One Harley Quinn),2020,https://boxd.it/7UWEEB,,,,2024-11-27
2024-11-28,Beer League,2006,https://boxd.it/7UWEOL,,,,2024-11-27
2024-11-28,American Beauty,1999,https://boxd.it/7UWEWF,,,,2024-11-27
2024-11-28,21 Bridges,2019,https://boxd.it/7UWF7j,,,,2024-11-27
2025-01-03,The Unbearable Weight of Massive Talent,2022,https://boxd.it/8i8reh,,,,2025-01-03
2025-01-03,Pirates of the Caribbean: On Stranger Tides,2011,https://boxd.it/8i8rWD,,,,2025-01-03
2025-01-03,Blow,2001,https://boxd.it/8i8slX,,,,2025-01-03
2025-01-03,Outbreak,1995,https://boxd.it/8i8sBV,,,,2025-01-03
2025-01-03,Bird on a Wire,1990,https://boxd.it/8i8tiF,,,,2025-01-03
2025-01-03,The Cowboy Way,1994,https://boxd.it/8i8tKT,,,,2025-01-03
2025-01-03,Stop! Or My Mom Will Shoot,1992,https://boxd.it/8i8u5x,,,,2025-01-03
2025-01-03,Another Midnight Run,1994,https://boxd.it/8i8uyT,,,,2025-01-03
2025-01-03,Renegades,1989,https://boxd.it/8i8vg7,,,,2025-01-03
2025-01-03,Gotcha!,1985,https://boxd.it/8i8vGJ,,,,2025-01-03
2025-01-03,Bandit: Bandit Goes Country,1994,https://boxd.it/8i8vWH,,,,2025-01-03
2025-01-03,Fast Times at Ridgemont High,1982,https://boxd.it/8i8wj7,,,,2025-01-03
2025-01-03,Conan the Barbarian,1982,https://boxd.it/8i8wKx,,,,2025-01-03
2025-01-03,Conan the Destroyer,1984,https://boxd.it/8i8wZH,,,,2025-01-03
2025-01-03,"See No Evil, Hear No Evil",1989,https://boxd.it/8i8xhV,3.5,,,2025-01-03
2025-02-04,The Grand Budapest Hotel,2014,https://boxd.it/8J88NF,3.5,,,2025-02-03
2025-02-04,The Incredible Burt Wonderstone,2013,https://boxd.it/8J89yV,4,,,2025-02-03
2025-02-04,Being John Malkovich,1999,https://boxd.it/8J89PR,4,,,2025-02-03
2025-02-04,Ray,2004,https://boxd.it/8J8df9,,,,2025-02-03
2025-02-04,Godzilla vs. Kong,2021,https://boxd.it/8J8eld,,,,2025-02-03
2025-02-04,Frequency,2000,https://boxd.it/8J8ePx,,,,2025-02-03
2025-02-04,Gone Girl,2014,https://boxd.it/8J8fjx,4,,,2025-02-03
2025-02-04,The Twilight Saga: Breaking Dawn – Part 2,2012,https://boxd.it/8J8fVr,,,,2025-02-03
2025-02-04,Life,1999,https://boxd.it/8J8gd1,,,,2025-02-03
2025-02-04,Lost in Translation,2003,https://boxd.it/8J8gsv,,,,2025-02-03
2025-02-04,E.T. the Extra-Terrestrial,1982,https://boxd.it/8J8gLH,,,,2025-02-03
2025-02-04,Pocahontas,1995,https://boxd.it/8J8hih,,,,2025-02-03
2025-02-04,The Beach,2000,https://boxd.it/8J8hOx,,,,2025-02-03
2025-04-10,Dallas Buyers Club,2013,https://boxd.it/9mT14X,4,,,2025-04-09
2025-04-12,The Book Thief,2013,https://boxd.it/9nveEl,,,,2025-04-11
2025-04-12,16 Wishes,2010,https://boxd.it/9nveKD,,,,2025-04-11
2025-04-12,The Sisterhood of the Traveling Pants,2005,https://boxd.it/9nveY1,,,,2025-04-11
2025-04-12,"South Park: Bigger, Longer & Uncut",1999,https://boxd.it/9nvf6T,,,,2025-04-11
2025-04-12,Die Hard 2,1990,https://boxd.it/9nvg9f,,,,2025-04-11
2025-04-12,Donnie Brasco,1997,https://boxd.it/9nvghX,,,,2025-04-11
2025-04-12,The Foot Fist Way,2006,https://boxd.it/9nvgwN,,,,2025-04-11
2025-04-12,The Twilight Saga: Breaking Dawn – Part 1,2011,https://boxd.it/9nvgG9,3.5,,,2025-04-11
2025-04-12,Adventureland,2009,https://boxd.it/9nvgNz,3.5,,,2025-04-11
2025-04-12,Unbreakable,2000,https://boxd.it/9nvgRB,,,,2025-04-11
2025-04-12,Crocodile Dundee,1986,https://boxd.it/9nvhid,,,,2025-04-11
2025-04-12,Crocodile Dundee II,1988,https://boxd.it/9nvhsn,,,,2025-04-11
2025-04-12,Crocodile Dundee in Los Angeles,2001,https://boxd.it/9nvmbV,,,,2025-04-11
2025-04-12,1408,2007,https://boxd.it/9nvmn3,,,,2025-04-11
2025-04-12,Apollo 13,1995,https://boxd.it/9nvmCx,,,,2025-04-11
2025-04-12,What Dreams May Come,1998,https://boxd.it/9nvmLT,,,,2025-04-11
2025-04-12,Epic Movie,2007,https://boxd.it/9nvmSl,,,,2025-04-11
2025-04-12,Punch-Drunk Love,2002,https://boxd.it/9nvncv,3,,,2025-04-11
2025-04-12,"Good Morning, Vietnam",1987,https://boxd.it/9nw0c5,,,,2025-04-11
2025-04-12,The Tale of Despereaux,2008,https://boxd.it/9nw5cJ,,,,2025-04-11
2025-04-12,Chocolat,2000,https://boxd.it/9nw5r5,,,,2025-04-11
2025-04-12,Herbie Fully Loaded,2005,https://boxd.it/9nw6u5,,,,2025-04-11
2025-04-12,A River Runs Through It,1992,https://boxd.it/9nw6N7,,,,2025-04-11
2025-04-12,Barbie Fairytopia: Mermaidia,2006,https://boxd.it/9nw7fv,,,,2025-04-11
2025-04-12,War Horse,2011,https://boxd.it/9nw7zl,,,,2025-04-11
2025-04-12,Bernie,2011,https://boxd.it/9nw7ZN,,,,2025-04-11
2025-04-12,Maleficent,2014,https://boxd.it/9nweof,,,,2025-04-11
2025-04-12,Tinker Bell and the Lost Treasure,2009,https://boxd.it/9nweVj,,,,2025-04-11
2025-04-12,Mile 22,2018,https://boxd.it/9nwi6p,,,,2025-04-11
2025-04-12,Peter Pan,2003,https://boxd.it/9nwiBR,,,,2025-04-11
2025-04-12,Contact,1997,https://boxd.it/9nwjzd,,,,2025-04-11
2025-04-12,Seven Brides for Seven Brothers,1954,https://boxd.it/9nwkOX,,,,2025-04-11
2025-04-12,Jarhead,2005,https://boxd.it/9nwqup,,,,2025-04-11
2025-04-18,I Love You to Death,1990,https://boxd.it/9ri95Z,4.5,,,2025-04-17
2025-04-27,Jackass Presents: Bad Grandpa,2013,https://boxd.it/9wFrit,,,,2025-04-26
2025-04-27,Don't Be a Menace to South Central While Drinking Your Juice in the Hood,1996,https://boxd.it/9wFtcx,,,,2025-04-26
2025-04-27,A League of Their Own,1992,https://boxd.it/9wFtKf,,,,2025-04-26
2025-04-27,Sleepless in Seattle,1993,https://boxd.it/9wFudL,,,,2025-04-26
2025-04-27,Nim's Island,2008,https://boxd.it/9wFweB,,,,2025-04-26
2025-04-27,Mr. 3000,2004,https://boxd.it/9wFwyL,,,,2025-04-26
2025-04-27,The Majestic,2001,https://boxd.it/9wFxFD,,,,2025-04-26
2025-04-27,Alice in Wonderland,2010,https://boxd.it/9wFxTP,,,,2025-04-26
2025-04-27,Bicentennial Man,1999,https://boxd.it/9wFDp7,,,,2025-04-26
2025-04-27,TRON: Legacy,2010,https://boxd.it/9wFEo5,,,,2025-04-26
2025-04-27,First Man,2018,https://boxd.it/9wFFBz,,,,2025-04-26
2025-04-27,The Hunger Games: The Ballad of Songbirds & Snakes,2023,https://boxd.it/9wFG9V,,,,2025-04-26
2025-04-27,3000 Miles to Graceland,2001,https://boxd.it/9wFMab,4,,,2025-04-26
2025-04-27,Planet of the Apes,2001,https://boxd.it/9wFMpv,,,,2025-04-26
2025-04-27,Twelve Monkeys,1995,https://boxd.it/9wFMSd,,,,2025-04-26
2025-04-27,Dune: Part Two,2024,https://boxd.it/9wFOep,,,,2025-04-26
2025-04-27,The Game,1997,https://boxd.it/9wFR5v,,,,2025-04-26
2025-04-27,The Founder,2016,https://boxd.it/9wFRCT,,,,2025-04-26
2025-04-27,Titanic,1997,https://boxd.it/9wFS65,,,,2025-04-26
2025-04-27,The Fall Guy,2024,https://boxd.it/9wFSlT,,,,2025-04-26
2025-04-27,The Master of Disguise,2002,https://boxd.it/9wFTAZ,,,,2025-04-26
2025-04-27,The Iron Claw,2023,https://boxd.it/9wG48n,,,,2025-04-26
2025-04-27,With Honors,1994,https://boxd.it/9wG7n1,3,,,2025-04-26
2025-04-27,Fearless,1993,https://boxd.it/9wG8SJ,,,,2025-04-26
2025-04-27,A Bronx Tale,1993,https://boxd.it/9wG9vV,,,,2025-04-26
2025-04-27,The Beekeeper,2024,https://boxd.it/9wGahv,,,,2025-04-26
2025-04-27,Expend4bles,2023,https://boxd.it/9wGaZR,,,,2025-04-26
2025-04-27,Civil War,2024,https://boxd.it/9wGcmR,,,,2025-04-26
2025-04-27,Aquaman and the Lost Kingdom,2023,https://boxd.it/9wGlWz,,,,2025-04-26
2025-04-27,The Signal,2014,https://boxd.it/9wGs1F,,,,2025-04-26
2025-04-27,Draft Day,2014,https://boxd.it/9wGvjn,,,,2025-04-26
2025-04-27,The Oh in Ohio,2006,https://boxd.it/9wGxB9,,,,2025-04-26
2025-04-27,The Beach Bum,2019,https://boxd.it/9wGBHb,,,,2025-04-26
2025-04-27,Are We There Yet?,2005,https://boxd.it/9wGDJ9,,,,2025-04-26
2025-04-27,The Money Pit,1986,https://boxd.it/9wGG1p,,,,2025-04-26
2025-04-27,The 'Burbs,1989,https://boxd.it/9wGGh3,,,,2025-04-26
2025-04-27,Dragnet,1987,https://boxd.it/9wGGqp,,,,2025-04-26
2025-04-27,The Great Outdoors,1988,https://boxd.it/9wGIbh,,,,2025-04-26
2025-04-27,The Texas Chainsaw Massacre,2003,https://boxd.it/9wGJcP,,,,2025-04-26
2025-04-27,Heist,2001,https://boxd.it/9wGLDt,,,,2025-04-26
2025-04-27,Doctor Dolittle,1998,https://boxd.it/9wGO1H,,,,2025-04-26
2025-04-27,Kingpin,1996,https://boxd.it/9wGOdt,,,,2025-04-26
2025-04-27,A Few Good Men,1992,https://boxd.it/9wGP6j,4,,,2025-04-26
2025-05-21,Wall Street,1987,https://boxd.it/9KDLLx,,,,2025-05-20
2025-05-21,Traffic,2000,https://boxd.it/9KDM3h,,,,2025-05-20
2025-05-21,Chronicle,2012,https://boxd.it/9KDMjJ,,,,2025-05-20
2025-05-21,Gone in Sixty Seconds,2000,https://boxd.it/9KDMBj,,,,2025-05-20
2025-05-21,The Island,2005,https://boxd.it/9KDMNf,,,,2025-05-20
2025-05-21,Underworld: Evolution,2006,https://boxd.it/9KDN8x,,,,2025-05-20
2025-05-21,Underworld,2003,https://boxd.it/9KDNeZ,,,,2025-05-20
2025-05-21,Away We Go,2009,https://boxd.it/9KDNoF,,,,2025-05-20
2025-05-21,The Pelican Brief,1993,https://boxd.it/9KDNIl,,,,2025-05-20
2025-05-23,The Adventures of Tintin,2011,https://boxd.it/9LVBUz,,,,2025-05-22
2025-06-13,Turner & Hooch,1989,https://boxd.it/9Z4EUn,,,,2025-06-12
2025-06-13,Reindeer Games,2000,https://boxd.it/9Z4Fqt,,,,2025-06-12
2025-06-13,A.I. Artificial Intelligence,2001,https://boxd.it/9Z4FBB,,,,2025-06-12
2025-06-13,Mud,2012,https://boxd.it/9Z4G1T,,,,2025-06-12
2025-06-13,Sleepers,1996,https://boxd.it/9Z4GlJ,,,,2025-06-12
2025-06-13,Singin' in the Rain,1952,https://boxd.it/9Z4GCl,,,,2025-06-12
2025-06-13,About Time,2013,https://boxd.it/9Z4HqZ,,,,2025-06-12
2025-06-13,Taxi Driver,1976,https://boxd.it/9Z4HKb,,,,2025-06-12
2025-06-13,Kramer vs. Kramer,1979,https://boxd.it/9Z5o8J,,,,2025-06-12
2025-06-13,Arrival,2016,https://boxd.it/9Z5ojH,,,,2025-06-12
2025-06-13,Hercules,1997,https://boxd.it/9Z5osz,,,,2025-06-12
2025-06-13,Dirty Rotten Scoundrels,1988,https://boxd.it/9Z5oE1,3.5,,,2025-06-12
2025-06-13,"Dude, Where's My Car?",2000,https://boxd.it/9Z5oTZ,,,,2025-06-12
2025-06-13,Spy,2015,https://boxd.it/9Z5p07,,,,2025-06-12
2025-06-13,Airplane!,1980,https://boxd.it/9Z5p8b,,,,2025-06-12
2025-07-25,Underworld: Rise of the Lycans,2009,https://boxd.it/asG3er,,,,2025-07-24
2025-07-25,The Enforcer,1976,https://boxd.it/asG7GJ,,,,2025-07-24
2025-07-25,Sudden Impact,1983,https://boxd.it/asG8q3,,,,2025-07-24
2025-07-25,The Dead Pool,1988,https://boxd.it/asG8Z3,,,,2025-07-24
2025-08-03,Underworld: Awakening,2012,https://boxd.it/aAgN1D,,,,2025-08-02
2025-08-03,Underworld: Blood Wars,2016,https://boxd.it/aAgNjH,,,,2025-08-02
2025-08-03,Life of the Party,2018,https://boxd.it/aAgNH5,,,,2025-08-02
2025-08-03,Eddie the Eagle,2015,https://boxd.it/aAgO1f,,,,2025-08-02
2025-08-03,The Boss,2016,https://boxd.it/aAgOqz,,,,2025-08-02
2025-08-03,13 Hours: The Secret Soldiers of Benghazi,2016,https://boxd.it/aAgOHF,,,,2025-08-02
2025-08-03,Battle: Los Angeles,2011,https://boxd.it/aAgR55,,,,2025-08-02
2025-08-03,12 Years a Slave,2013,https://boxd.it/aAgRrP,,,,2025-08-02
2025-08-03,Dreamland,2019,https://boxd.it/aAgRIr,,,,2025-08-02
2025-08-03,Dolphin Tale 2,2014,https://boxd.it/aAgSqX,,,,2025-08-02
2025-08-09,MacGruber,2010,https://boxd.it/aEXEN1,,,,2025-08-08
2025-08-09,Scott Pilgrim vs. the World,2010,https://boxd.it/aEXPFH,,,,2025-08-08
2025-08-09,The Ladies Man,2000,https://boxd.it/aEXSEH,,,,2025-08-08
2025-08-09,Coneheads,1993,https://boxd.it/aEXTdn,4,,,2025-08-08
2025-08-09,Spy Kids 3-D: Game Over,2003,https://boxd.it/aEXVjn,,,,2025-08-08
2025-08-09,Spy Kids 2: The Island of Lost Dreams,2002,https://boxd.it/aEXVvD,,,,2025-08-08
2025-08-09,Spy Kids,2001,https://boxd.it/aEXVHz,,,,2025-08-08
2025-08-09,Jurassic World Dominion,2022,https://boxd.it/aEXXBN,,,,2025-08-08
2025-08-09,UHF,1989,https://boxd.it/aEXZkf,,,,2025-08-08
2025-08-11,What About Bob?,1991,https://boxd.it/aGG7RX,,,,2025-08-10
2025-08-11,Popeye,1980,https://boxd.it/aGG9cH,,,,2025-08-10
2025-08-11,The Rookie,2002,https://boxd.it/aGG9Nt,,,,2025-08-10
2025-08-11,Team America: World Police,2004,https://boxd.it/aGGaIT,,,,2025-08-10
2025-08-11,Geostorm,2017,https://boxd.it/aGGefh,,,,2025-08-10
2025-08-11,Daddy's Home,2015,https://boxd.it/aGGeGH,,,,2025-08-10
2025-08-11,The Astronaut Farmer,2006,https://boxd.it/aGGgix,,,,2025-08-10
2025-08-11,Sleeping Beauty,1959,https://boxd.it/aGGgZr,,,,2025-08-10
2025-08-11,Starship Troopers,1997,https://boxd.it/aGGnJv,5,,,2025-08-10
2025-08-11,Jurassic Park,1993,https://boxd.it/aGGtyN,,,,2025-08-10
2025-09-05,Fantastic Beasts: The Crimes of Grindelwald,2018,https://boxd.it/aY90hf,,,,2025-09-04
2025-09-05,Dennis the Menace,1993,https://boxd.it/aY90uN,,,,2025-09-04
2025-09-05,Independence Day: Resurgence,2016,https://boxd.it/aY90LJ,,,,2025-09-04
2025-09-05,Pitch Black,2000,https://boxd.it/aY90UV,,,,2025-09-04
2025-09-05,Vice,2018,https://boxd.it/aY91cb,,,,2025-09-04
2025-09-05,Flushed Away,2006,https://boxd.it/aY91o7,,,,2025-09-04
2025-09-05,Back to the Future Part III,1990,https://boxd.it/aY91Jp,,,,2025-09-04
2025-09-05,Back to the Future Part II,1989,https://boxd.it/aY91Qv,,,,2025-09-04
2025-09-05,Back to the Future,1985,https://boxd.it/aY920F,,,,2025-09-04
2025-09-07,The Silence of the Lambs,1991,https://boxd.it/aZpKBV,,,,2025-09-06
2025-09-07,Hannibal,2001,https://boxd.it/aZpKWJ,,,,2025-09-06
2025-09-10,How to Train Your Dragon,2025,https://boxd.it/b1CXcj,,,,2025-09-09
2025-09-14,Vanilla Sky,2001,https://boxd.it/b3TZwR,,,,2025-09-13
2025-09-14,Snowpiercer,2013,https://boxd.it/b3TZJh,,,,2025-09-13
2025-09-14,Tarzan II,2005,https://boxd.it/b3TZZf,,,,2025-09-13
2025-09-14,The Last Stand,2013,https://boxd.it/b3U0ih,,,,2025-09-13
2025-09-14,Raiders of the Lost Ark,1981,https://boxd.it/b3U1sd,,,,2025-09-13
2025-09-14,Indiana Jones and the Last Crusade,1989,https://boxd.it/b3U1IF,,,,2025-09-13
2025-09-14,Indiana Jones and the Kingdom of the Crystal Skull,2008,https://boxd.it/b3U2eh,,,,2025-09-13
2025-09-14,American Ultra,2015,https://boxd.it/b3U2CD,,,,2025-09-13
2025-09-14,Kong: Skull Island,2017,https://boxd.it/b3U2Xh,,,,2025-09-13
2025-09-14,Colossal,2016,https://boxd.it/b3U3kv,,,,2025-09-13
2025-09-14,48 Hrs.,1982,https://boxd.it/b3U3T1,,,,2025-09-13
2025-09-14,Another 48 Hrs.,1990,https://boxd.it/b3U4dF,,,,2025-09-13
2025-09-14,The Graduate,1967,https://boxd.it/b3U4pL,,,,2025-09-13
2025-09-14,The Infiltrator,2016,https://boxd.it/b3U55x,,,,2025-09-13
2025-09-14,Star Wars: The Force Awakens,2015,https://boxd.it/b3U5pR,,,,2025-09-13
2025-09-14,The 15:17 to Paris,2018,https://boxd.it/b3U5Hr,,,,2025-09-13
2025-09-14,Split,2016,https://boxd.it/b3U5Uv,,,,2025-09-13
2025-09-14,Lord of War,2005,https://boxd.it/b3U67p,,,,2025-09-13
2025-09-14,Blade Runner 2049,2017,https://boxd.it/b3U6pj,,,,2025-09-13
2025-09-14,Venom,2018,https://boxd.it/b3U6C3,,,,2025-09-13
2025-09-14,Mercury Rising,1998,https://boxd.it/b3U6Ur,,,,2025-09-13
2025-09-14,Straight Outta Compton,2015,https://boxd.it/b3U76d,,,,2025-09-13
2025-09-14,Space Cowboys,2000,https://boxd.it/b3U7hP,,,,2025-09-13
2025-09-14,The Ides of March,2011,https://boxd.it/b3U7rP,,,,2025-09-13
2025-09-14,The New Mutants,2020,https://boxd.it/b3U7Fx,,,,2025-09-13
2025-09-14,Charlie's Angels,2000,https://boxd.it/b3U7Yf,,,,2025-09-13
2025-09-14,How the Grinch Stole Christmas!,1966,https://boxd.it/b3U8qt,,,,2025-09-13
2025-09-14,Layer Cake,2004,https://boxd.it/b3U94j,,,,2025-09-13
2025-09-14,The King of Staten Island,2020,https://boxd.it/b3U9i1,,,,2025-09-13
2025-09-14,Aliens in the Attic,2009,https://boxd.it/b3U9zr,,,,2025-09-13
2025-09-14,Toy Story 3,2010,https://boxd.it/b3U9Pz,,,,2025-09-13
2025-09-14,Toy Story 2,1999,https://boxd.it/b3Ua11,,,,2025-09-13
2025-09-14,Toy Story,1995,https://boxd.it/b3Ua8r,,,,2025-09-13
2025-09-14,The Passion of the Christ,2004,https://boxd.it/b3UaBD,,,,2025-09-13
2025-09-14,Black Hawk Down,2001,https://boxd.it/b3UaS5,,,,2025-09-13
2025-09-14,BlacKkKlansman,2018,https://boxd.it/b3Ub8n,,,,2025-09-13
2025-09-14,Bad Santa 2,2016,https://boxd.it/b3UblV,,,,2025-09-13
2025-09-14,Capone,2020,https://boxd.it/b3UbBf,,,,2025-09-13
2025-09-14,"I, Tonya",2017,https://boxd.it/b3UbUL,,,,2025-09-13
2025-09-14,Irresistible,2020,https://boxd.it/b3UckJ,,,,2025-09-13
2025-09-14,Jupiter Ascending,2015,https://boxd.it/b3UcDh,,,,2025-09-13
2025-09-14,Zack Snyder's Justice League,2021,https://boxd.it/b3UcX7,,,,2025-09-13
2025-09-14,"McFarland, USA",2015,https://boxd.it/b3UdfF,,,,2025-09-13
2025-09-14,Babe,1995,https://boxd.it/b3UduZ,,,,2025-09-13
2025-09-14,The American,2010,https://boxd.it/b3UdNd,,,,2025-09-13
2025-09-14,Snow White and the Seven Dwarfs,1937,https://boxd.it/b3Ue23,,,,2025-09-13
2025-09-14,All About Steve,2009,https://boxd.it/b3UehR,,,,2025-09-13
2025-09-14,Gulliver's Travels,2010,https://boxd.it/b3Uezh,,,,2025-09-13
2025-09-14,A Dog's Purpose,2017,https://boxd.it/b3UeM1,,,,2025-09-13
2025-09-14,Inside Out,2015,https://boxd.it/b3UeZ5,,,,2025-09-13
2025-09-14,Dave,1993,https://boxd.it/b3UfaR,,,,2025-09-13
2025-09-14,Raging Bull,1980,https://boxd.it/b3UfnV,,,,2025-09-13
2025-09-14,World's Greatest Dad,2009,https://boxd.it/b3UfE3,,,,2025-09-13
2025-09-14,Planes,2013,https://boxd.it/b3UfNT,,,,2025-09-13
2025-09-14,Clerks II,2006,https://boxd.it/b3UgqB,,,,2025-09-13
2025-09-14,Clerks,1994,https://boxd.it/b3UgA7,,,,2025-09-13
2025-09-14,A Charlie Brown Thanksgiving,1973,https://boxd.it/b3UgRn,,,,2025-09-13
2025-09-14,Charlotte's Web,2006,https://boxd.it/b3Uhe7,,,,2025-09-13
2025-09-14,Jurassic Park III,2001,https://boxd.it/b3UhLP,,,,2025-09-13
2025-09-14,Fantasia,1940,https://boxd.it/b3Ui5b,,,,2025-09-13
2025-09-14,Jack Frost,1998,https://boxd.it/b3UijR,,,,2025-09-13
2025-09-14,Red Dragon,2002,https://boxd.it/b3Uixf,4,,,2025-09-13
2025-09-14,Silverado,1985,https://boxd.it/b3Ujqz,,,,2025-09-13
2025-09-14,The Lost World: Jurassic Park,1997,https://boxd.it/b3UjDt,,,,2025-09-13
2025-09-14,Pinocchio,1940,https://boxd.it/b3UjSt,,,,2025-09-13
2025-09-14,Prisoners,2013,https://boxd.it/b3Uk8r,,,,2025-09-13
2025-09-14,(500) Days of Summer,2009,https://boxd.it/b3Uklb,,,,2025-09-13
2025-09-14,Pixels,2015,https://boxd.it/b3UkNT,,,,2025-09-13
2025-09-14,The Suicide Squad,2021,https://boxd.it/b3Ul5t,,,,2025-09-13
2025-09-19,VeggieTales: Where's God When I'm S-Scared?,1993,https://boxd.it/b6N2v1,,,,2025-09-18
2025-09-19,VeggieTales: Saint Nicholas - A Story of Joyful Giving,2009,https://boxd.it/b6N4ap,,,,2025-09-18
2025-09-19,VeggieTales: Lord of the Beans,2005,https://boxd.it/b6N4xX,,,,2025-09-18
2025-09-19,VeggieTales: King George and the Ducky,2000,https://boxd.it/b6N4SB,,,,2025-09-18
2025-09-19,Jonah: A VeggieTales Movie,2002,https://boxd.it/b6N5tx,,,,2025-09-18
2025-09-19,VeggieTales: The Star of Christmas,2002,https://boxd.it/b6N5TF,,,,2025-09-18
2025-09-19,VeggieTales: The Toy That Saved Christmas,1996,https://boxd.it/b6N6dl,,,,2025-09-18
2025-09-19,VeggieTales: Dave and the Giant Pickle,1996,https://boxd.it/b6N7RL,,,,2025-09-18
2025-09-19,"VeggieTales: Esther, The Girl Who Became Queen",2000,https://boxd.it/b6N8r5,,,,2025-09-18
2025-09-19,VeggieTales: An Easter Carol,2004,https://boxd.it/b6NfeH,,,,2025-09-18
2025-09-19,VeggieTales: The Ballad of Little Joe,2003,https://boxd.it/b6NgpB,,,,2025-09-18
2025-09-26,Apocalypto,2006,https://boxd.it/bb17Up,,,,2025-09-25
2025-09-26,Father Figures,2017,https://boxd.it/bb19at,,,,2025-09-25
2025-09-26,As Good as It Gets,1997,https://boxd.it/bb1beH,,,,2025-09-25
2025-09-26,Charlie's Angels: Full Throttle,2003,https://boxd.it/bb1bvN,,,,2025-09-25
2025-09-26,Garfield,2004,https://boxd.it/bb1ikH,,,,2025-09-25
2025-09-26,Cars 3,2017,https://boxd.it/bb1riP,,,,2025-09-25
2025-09-26,Gone Fishin',1997,https://boxd.it/bb1rZT,,,,2025-09-25
2025-09-26,Hocus Pocus,1993,https://boxd.it/bb1tIl,,,,2025-09-25
2025-09-26,Rogue One: A Star Wars Story,2016,https://boxd.it/bb1ucl,,,,2025-09-25
2025-09-26,Wanderlust,2012,https://boxd.it/bb1uDr,,,,2025-09-25
2025-09-26,The Duel,2016,https://boxd.it/bb1uXh,,,,2025-09-25
2025-09-26,Hotel for Dogs,2009,https://boxd.it/bb1zFH,,,,2025-09-25
2025-09-26,Beauty and the Beast,2017,https://boxd.it/bb1Ag9,,,,2025-09-25
2025-09-26,Muppets from Space,1999,https://boxd.it/bb1AvD,,,,2025-09-25
2025-09-26,Puss in Boots: The Last Wish,2022,https://boxd.it/bb1EmZ,,,,2025-09-25
2025-09-26,Air Bud,1997,https://boxd.it/bb1FUD,,,,2025-09-25
2025-09-26,Air Bud: World Pup,2000,https://boxd.it/bb1G8Z,,,,2025-09-25
2025-09-26,Air Bud: Seventh Inning Fetch,2002,https://boxd.it/bb1GjN,,,,2025-09-25
2025-09-26,Air Bud: Spikes Back,2003,https://boxd.it/bb1GMb,,,,2025-09-25
2025-09-26,Paddington,2014,https://boxd.it/bb1HST,,,,2025-09-25
2025-10-17,Ripped,2017,https://boxd.it/boiQzx,0.5,,,2025-10-16
2025-10-17,Ice Age: The Meltdown,2006,https://boxd.it/boiXAd,,,,2025-10-16
2025-10-17,Ice Age: Dawn of the Dinosaurs,2009,https://boxd.it/boiXUx,,,,2025-10-16
2025-10-17,Ice Age: Continental Drift,2012,https://boxd.it/boiYaF,,,,2025-10-16
2025-10-17,Kung Fu Panda 4,2024,https://boxd.it/boj6hz,,,,2025-10-16
2025-10-17,Godzilla × Kong: The New Empire,2024,https://boxd.it/boj8l9,3,,,2025-10-16
2025-10-17,The Grinch,2018,https://boxd.it/bojck5,,,,2025-10-16
2025-10-17,Miracle,2004,https://boxd.it/bojfu3,0.5,,,2025-10-16
2025-10-17,Fantastic Beasts: The Secrets of Dumbledore,2022,https://boxd.it/bojge1,,,,2025-10-16
2025-10-17,Rush,2013,https://boxd.it/bojl2J,,,,2025-10-16
2025-10-17,Gladiator II,2024,https://boxd.it/bojnon,,,,2025-10-16
2025-10-17,65,2023,https://boxd.it/bojvF7,0.5,,,2025-10-16
2025-10-17,Mr. Magoo,1997,https://boxd.it/bojxB7,,,,2025-10-16
2025-10-17,Inside Out 2,2024,https://boxd.it/bojCyd,,,,2025-10-16
2025-10-17,Venom: The Last Dance,2024,https://boxd.it/bojCR5,,,,2025-10-16
2025-10-17,What's Eating Gilbert Grape,1993,https://boxd.it/bojIqp,,,,2025-10-16
2025-10-17,Conclave,2024,https://boxd.it/bojIBH,,,,2025-10-16
2025-10-17,A Christmas Story,1983,https://boxd.it/bojNrx,0.5,,,2025-10-16
2025-10-17,Premonition,2007,https://boxd.it/bojT9z,,,,2025-10-16
2025-10-17,Ronin,1998,https://boxd.it/bojU2T,,,,2025-10-16
2025-10-17,Ferrari,2023,https://boxd.it/bojUSl,,,,2025-10-16
2025-10-17,Indiana Jones and the Dial of Destiny,2023,https://boxd.it/bojVvn,0.5,,,2025-10-16
2025-10-17,Thelma & Louise,1991,https://boxd.it/bojYUZ,,,,2025-10-16
2025-10-17,VeggieTales: The End of Silliness?,1998,https://boxd.it/bok0wP,,,,2025-10-16
2025-10-17,Godzilla Minus One,2023,https://boxd.it/bok7v5,3.5,,,2025-10-16
2025-10-17,Alien: Romulus,2024,https://boxd.it/bok8ll,,,,2025-10-16
2025-10-20,From Paris with Love,2010,https://boxd.it/bqxVif,,,,2025-10-19
2025-10-20,Jackass 2.5,2007,https://boxd.it/bqxWCF,0.5,,,2025-10-19
2025-10-20,Trapped in Paradise,1994,https://boxd.it/bqygrx,,,,2025-10-19
2025-10-20,The Call of the Wild,2020,https://boxd.it/bqyqnP,,,,2025-10-19
2025-10-20,Lilo & Stitch,2002,https://boxd.it/bqyrvl,0.5,,,2025-10-19
2025-10-20,Police Academy,1984,https://boxd.it/bqyvUp,0.5,,,2025-10-19
2025-10-25,Creed III,2023,https://boxd.it/btlyt3,,,,2025-10-24
2025-10-25,The Promotion,2008,https://boxd.it/btlzAJ,0.5,,,2025-10-24
2025-10-25,The Golden Child,1986,https://boxd.it/btlAEH,,,,2025-10-24
2025-10-25,Patriots Day,2016,https://boxd.it/btlBdR,0.5,,,2025-10-24
2025-10-25,The Three Stooges,2012,https://boxd.it/btlBNP,0.5,,,2025-10-24
2025-10-25,Christopher Robin,2018,https://boxd.it/btlCfp,,,,2025-10-24
2025-10-25,The Recruit,2003,https://boxd.it/btlDOv,,,,2025-10-24
2025-10-25,Creed II,2018,https://boxd.it/btlEoX,,,,2025-10-24
2025-10-25,Dumb and Dumberer: When Harry Met Lloyd,2003,https://boxd.it/btlFxV,,,,2025-10-24
2025-10-25,The Exorcist,1973,https://boxd.it/btlGOt,,,,2025-10-24
2025-10-25,Lars and the Real Girl,2007,https://boxd.it/btlI5Z,,,,2025-10-24
2025-10-25,Wonka,2023,https://boxd.it/btlJDD,,,,2025-10-24
2025-10-25,Jojo Rabbit,2019,https://boxd.it/btlKKl,,,,2025-10-24
2025-10-25,Thor: Ragnarok,2017,https://boxd.it/btlLkX,0.5,,,2025-10-24
2025-10-25,Push,2009,https://boxd.it/btlMeB,,,,2025-10-24
2025-10-25,The Substance,2024,https://boxd.it/btlP8L,,,,2025-10-24
2025-10-25,The Disaster Artist,2017,https://boxd.it/btlPNz,0.5,,,2025-10-24
2025-10-25,Alita: Battle Angel,2019,https://boxd.it/btlQyv,4,,,2025-10-24
2025-10-25,Godzilla: King of the Monsters,2019,https://boxd.it/btlRqd,,,,2025-10-24
2025-10-25,The Old Man & the Gun,2018,https://boxd.it/btlShV,,,,2025-10-24
2025-10-25,The Mule,2018,https://boxd.it/btlT0V,,,,2025-10-24
2025-10-25,No Time for Sergeants,1958,https://boxd.it/btlTc3,0.5,,,2025-10-24
2025-10-25,White Boy Rick,2018,https://boxd.it/btlUe5,,,,2025-10-24
2025-10-25,Bad Boys: Ride or Die,2024,https://boxd.it/btlUVt,,,,2025-10-24
2025-10-25,Parasite,2019,https://boxd.it/btlWMj,,,,2025-10-24
2025-10-25,Runaway Bride,1999,https://boxd.it/btlXCJ,,,,2025-10-24
2025-10-25,Beverly Hills Ninja,1997,https://boxd.it/btlYa7,,,,2025-10-24
2025-10-25,The Clearing,2004,https://boxd.it/btm1tL,,,,2025-10-24
2025-10-25,How to Train Your Dragon: The Hidden World,2019,https://boxd.it/btm21D,,,,2025-10-24
2025-10-25,Bohemian Rhapsody,2018,https://boxd.it/btm2C5,0.5,,,2025-10-24
2025-10-25,Alien,1979,https://boxd.it/btm3bT,,,,2025-10-24
2025-10-25,The Finest Hours,2016,https://boxd.it/btm3EL,0.5,,,2025-10-24
2025-10-25,My Big Fat Greek Wedding 2,2016,https://boxd.it/btm4cj,,,,2025-10-24
2025-10-25,The Post,2017,https://boxd.it/btm4RB,,,,2025-10-24
2025-10-25,Once Upon a Time... in Hollywood,2019,https://boxd.it/btm67l,0.5,,,2025-10-24
2025-10-25,12 Strong,2018,https://boxd.it/btm6BF,,,,2025-10-24
2025-10-25,Ender's Game,2013,https://boxd.it/btm793,,,,2025-10-24
2025-10-25,Star Wars: The Rise of Skywalker,2019,https://boxd.it/btma2z,0.5,,,2025-10-24
2025-10-25,Star Wars: The Last Jedi,2017,https://boxd.it/btmbhl,0.5,,,2025-10-24
2025-10-25,Citizen Kane,1941,https://boxd.it/btmdWF,,,,2025-10-24
2025-10-25,Glass,2019,https://boxd.it/btmetz,,,,2025-10-24
2025-10-25,Spider-Man: Into the Spider-Verse,2018,https://boxd.it/btmg8D,0.5,,,2025-10-24
2025-10-26,Gods of Egypt,2016,https://boxd.it/burICP,,,,2025-10-25
2025-10-26,Gold,2016,https://boxd.it/burJnB,,,,2025-10-25
2025-10-26,Concussion,2015,https://boxd.it/burK6B,,,,2025-10-25
2025-10-26,The Perfect Storm,2000,https://boxd.it/burLdt,,,,2025-10-25
2025-10-26,Das Boot,1981,https://boxd.it/burMhB,,,,2025-10-25
2025-10-26,Master and Commander: The Far Side of the World,2003,https://boxd.it/burNKf,,,,2025-10-25
2025-10-26,Moonwalkers,2015,https://boxd.it/burSaV,0.5,,,2025-10-25
2025-10-26,In the Line of Fire,1993,https://boxd.it/burTOH,,,,2025-10-25
2025-10-26,Logan Lucky,2017,https://boxd.it/burV3X,0.5,,,2025-10-25
2025-10-26,Reminiscence,2021,https://boxd.it/burWbD,,,,2025-10-25
2025-10-26,Aloha,2015,https://boxd.it/bus3ud,,,,2025-10-25
2025-10-26,Serenity,2019,https://boxd.it/bus7xF,,,,2025-10-25
2025-10-26,Suburbicon,2017,https://boxd.it/bus9g7,,,,2025-10-25
2025-10-26,The Sisters Brothers,2018,https://boxd.it/busaPn,,,,2025-10-25
2025-10-26,Ticket to Paradise,2022,https://boxd.it/busdKZ,,,,2025-10-25
2025-10-26,Footloose,1984,https://boxd.it/busfrZ,,,,2025-10-25
2025-10-26,Morbius,2022,https://boxd.it/busgyx,,,,2025-10-25
2025-10-26,VeggieTales: Lyle the Kindly Viking,2001,https://boxd.it/but4Sn,,,,2025-10-25
2025-10-26,VeggieTales: Abe and the Amazing Promise,2009,https://boxd.it/but88t,,,,2025-10-25
2025-10-26,VeggieTales: The League of Incredible Vegetables,2012,https://boxd.it/butbgF,,,,2025-10-25
2025-10-26,VeggieTales: Madame Blueberry,1998,https://boxd.it/butcw5,,,,2025-10-25
2025-10-26,VeggieTales: Tomato Sawyer & Huckleberry Larry's Big River Rescue,2008,https://boxd.it/buteXx,,,,2025-10-25
2025-10-26,Adopt a Highway,2019,https://boxd.it/butlFv,,,,2025-10-25
2025-10-26,Siberia,2018,https://boxd.it/butni9,,,,2025-10-25
2025-10-26,Snowden,2016,https://boxd.it/buts39,0.5,,,2025-10-25
2025-10-26,Nothing But Trouble,1991,https://boxd.it/butuRv,,,,2025-10-25
2025-10-26,I Am Number Four,2011,https://boxd.it/butx2l,3,,,2025-10-25
2025-10-26,The Sword in the Stone,1963,https://boxd.it/butAQj,,,,2025-10-25
2025-10-26,Where the Wild Things Are,2009,https://boxd.it/butCQZ,,,,2025-10-25
2025-10-26,The Hot Chick,2002,https://boxd.it/butLLJ,,,,2025-10-25
2025-10-26,Brothers,2009,https://boxd.it/butMp5,,,,2025-10-25
2025-10-26,Seabiscuit,2003,https://boxd.it/butN7L,,,,2025-10-25
2025-10-26,Captive State,2019,https://boxd.it/butREz,,,,2025-10-25
2025-10-26,The Three Musketeers,2011,https://boxd.it/butSYF,,,,2025-10-25
2025-10-26,Cosmic Sin,2021,https://boxd.it/butVJX,,,,2025-10-25
2025-10-26,Pete's Dragon,2016,https://boxd.it/butXyd,,,,2025-10-25
2025-10-26,Peter Rabbit,2018,https://boxd.it/butYiF,,,,2025-10-25
2025-10-26,Bad Education,2019,https://boxd.it/buuaYD,,,,2025-10-25
2025-10-26,Rocketman,2019,https://boxd.it/buuckZ,,,,2025-10-25
2025-10-26,Meet Bill,2007,https://boxd.it/buudaB,,,,2025-10-25
2025-10-26,She's the Man,2006,https://boxd.it/buumdz,,,,2025-10-25
2025-10-26,"Roman J. Israel, Esq.",2017,https://boxd.it/buun7R,,,,2025-10-25
2025-10-26,The Numbers Station,2013,https://boxd.it/buuqYJ,,,,2025-10-25
2025-10-26,Immortals,2011,https://boxd.it/buus0V,,,,2025-10-25
2025-10-26,12 Angry Men,1957,https://boxd.it/buutiL,,,,2025-10-25
2025-10-26,Bleed for This,2016,https://boxd.it/buuH73,,,,2025-10-25
2025-10-26,99 Homes,2014,https://boxd.it/buuI6P,,,,2025-10-25
2025-10-26,Science Fiction Volume One: The Osiris Child,2016,https://boxd.it/buuMdv,,,,2025-10-25
2025-10-26,Keanu,2016,https://boxd.it/buuZLl,,,,2025-10-25
2025-10-26,211,2018,https://boxd.it/buv0mB,,,,2025-10-25
2025-10-26,Man of the Year,2006,https://boxd.it/buv1Gn,,,,2025-10-25
2025-10-26,Rio 2,2014,https://boxd.it/buv2Uv,,,,2025-10-25
2025-10-26,10 Cloverfield Lane,2016,https://boxd.it/buv66f,,,,2025-10-25
2025-10-26,The Rundown,2003,https://boxd.it/buv6SN,,,,2025-10-25
2025-10-26,Walk the Line,2005,https://boxd.it/buv9eB,,,,2025-10-25
2025-10-26,Singularity,2017,https://boxd.it/buvaGV,,,,2025-10-25
2025-10-26,Jay and Silent Bob Reboot,2019,https://boxd.it/buviGJ,,,,2025-10-25
2025-10-26,Focus,2015,https://boxd.it/buvjjB,,,,2025-10-25
2025-10-26,Ghost in the Shell,2017,https://boxd.it/buvlsF,,,,2025-10-25
2025-10-27,Kingdom of the Planet of the Apes,2024,https://boxd.it/bvqPZ9,,,,2025-10-26
2025-10-27,Zero Dark Thirty,2012,https://boxd.it/bvr1vF,,,,2025-10-26
2025-12-21,"The Good, the Bad and the Ugly",1966,https://boxd.it/c8vTb9,,,,2025-12-20
2025-12-21,How to Eat Fried Worms,2006,https://boxd.it/c8vTzP,0.5,,,2025-12-20
2025-12-21,Remember Me,2010,https://boxd.it/c8vU0L,,,,2025-12-20
2025-12-21,Dirty Dancing,1987,https://boxd.it/c8vUm3,,,,2025-12-20
2025-12-21,Fracture,2007,https://boxd.it/c8vUG3,,,,2025-12-20
2025-12-21,Timeline,2003,https://boxd.it/c8vVbZ,,,,2025-12-20
2025-12-21,The Good Shepherd,2006,https://boxd.it/c8vVAZ,,,,2025-12-20
2025-12-21,Ice Age,2002,https://boxd.it/c8vWgr,0.5,,,2025-12-20
2025-12-21,Agent Cody Banks 2: Destination London,2004,https://boxd.it/c8vWLz,0.5,,,2025-12-20
2025-12-21,V for Vendetta,2005,https://boxd.it/c8vXW9,,,,2025-12-20
2025-12-23,John Wick: Chapter 4,2023,https://boxd.it/cb5TTP,,,,2025-12-22
2025-12-23,Final Destination Bloodlines,2025,https://boxd.it/cb5UO7,3.5,,,2025-12-22
2025-12-27,The Naked Gun,2025,https://boxd.it/cfxngN,4,,,2025-12-26
2026-02-03,The Ministry of Ungentlemanly Warfare,2024,https://boxd.it/cY15RR,,,,2026-02-02
2026-03-01,Yogi Bear,2010,https://boxd.it/dkUNs5,,,,2026-02-28
2026-03-01,Creed,2015,https://boxd.it/dkUNTP,,,,2026-02-28
2026-03-01,Rio,2011,https://boxd.it/dkUOib,,,,2026-02-28
2026-03-01,Million Dollar Baby,2004,https://boxd.it/dkUOvJ,,,,2026-02-28
2026-03-01,Hugo,2011,https://boxd.it/dkUOQd,,,,2026-02-28
2026-03-01,The Lincoln Lawyer,2011,https://boxd.it/dkUPc9,0.5,,,2026-02-28
2026-03-01,Breakfast at Tiffany's,1961,https://boxd.it/dkUPCL,,,,2026-02-28
2026-03-29,Turbo,2013,https://boxd.it/dIp8Rd,,,,2026-03-28
2026-03-29,Mamma Mia! Here We Go Again,2018,https://boxd.it/dIp9uz,,,,2026-03-28
2026-03-29,A Wrinkle in Time,2018,https://boxd.it/dIp9SV,,,,2026-03-28
2026-03-29,Hidden Figures,2016,https://boxd.it/dIpahB,0.5,,,2026-03-28
2026-03-29,Free State of Jones,2016,https://boxd.it/dIpdED,,,,2026-03-28
2026-03-29,Secretariat,2010,https://boxd.it/dIpepT,0.5,,,2026-03-28
2026-03-29,Plane,2023,https://boxd.it/dIpeBF,,,,2026-03-28
2026-03-29,The Peanuts Movie,2015,https://boxd.it/dIpeRN,,,,2026-03-28
2026-03-29,War for the Planet of the Apes,2017,https://boxd.it/dIpffv,0.5,,,2026-03-28
2026-03-29,The Lion King,2019,https://boxd.it/dIpfUX,,,,2026-03-28
2026-03-29,The Cobbler,2014,https://boxd.it/dIpgb5,0.5,,,2026-03-28
2026-03-29,King Richard,2021,https://boxd.it/dIpgy9,,,,2026-03-28
2026-03-29,Going in Style,2017,https://boxd.it/dIpgKz,,,,2026-03-28
2026-03-29,Kubo and the Two Strings,2016,https://boxd.it/dIph4f,,,,2026-03-28
2026-03-29,Toy Story 4,2019,https://boxd.it/dIphvP,0.5,,,2026-03-28
2026-03-29,Mary Poppins Returns,2018,https://boxd.it/dIpzdJ,,,,2026-03-28
2026-03-29,Cloud Atlas,2012,https://boxd.it/dIpzrh,,,,2026-03-28
2026-03-29,Captain America: Civil War,2016,https://boxd.it/dIpzIH,0.5,,,2026-03-28
2026-03-29,D3: The Mighty Ducks,1996,https://boxd.it/dIpzYv,,,,2026-03-28
2026-03-29,Mars Needs Moms,2011,https://boxd.it/dIpAaV,,,,2026-03-28
2026-03-29,Tinker Bell and the Great Fairy Rescue,2010,https://boxd.it/dIpAwd,,,,2026-03-28
2026-03-29,Daddy's Home 2,2017,https://boxd.it/dIpAUJ,0.5,,,2026-03-28
2026-03-29,Rise of the Guardians,2012,https://boxd.it/dIpBa3,,,,2026-03-28
2026-03-29,Delivery Man,2013,https://boxd.it/dIpBvl,0.5,,,2026-03-28
2026-03-29,Wonder,2017,https://boxd.it/dIpBWV,,,,2026-03-28
2026-03-29,Diary of a Wimpy Kid: Rodrick Rules,2011,https://boxd.it/dIpCkt,,,,2026-03-28
2026-03-29,Diary of a Wimpy Kid: Dog Days,2012,https://boxd.it/dIpD4h,,,,2026-03-28
2026-03-29,Valerian and the City of a Thousand Planets,2017,https://boxd.it/dIpDCD,,,,2026-03-28
2026-03-29,Rock of Ages,2012,https://boxd.it/dIpDOT,,,,2026-03-28
2026-03-29,Mickey's Christmas Carol,1983,https://boxd.it/dIpEkv,,,,2026-03-28
2026-03-29,The Commuter,2018,https://boxd.it/dIpJbt,,,,2026-03-28
2026-03-29,Escape from Planet Earth,2013,https://boxd.it/dIpJIn,,,,2026-03-28
2026-03-29,The Legend of Bagger Vance,2000,https://boxd.it/dIpJYP,,,,2026-03-28
2026-03-29,"It's the Easter Beagle, Charlie Brown",1974,https://boxd.it/dIpKsZ,,,,2026-03-28
2026-03-29,Dune,2021,https://boxd.it/dIpKKz,,,,2026-03-28
2026-03-29,Wreck-It Ralph,2012,https://boxd.it/dIpL0x,0.5,,,2026-03-28
2026-03-29,The Lego Movie,2014,https://boxd.it/dIpLfd,0.5,,,2026-03-28
2026-03-29,Gemini Man,2019,https://boxd.it/dIpLzH,,,,2026-03-28
2026-03-29,The House Bunny,2008,https://boxd.it/dIpLNf,,,,2026-03-28
2026-03-29,Elvis,2022,https://boxd.it/dIpM59,,,,2026-03-28
2026-03-29,Shazam! Fury of the Gods,2023,https://boxd.it/dIpMDb,,,,2026-03-28
2026-03-29,The Book of Life,2014,https://boxd.it/dIpMV5,,,,2026-03-28
2026-03-29,The Menu,2022,https://boxd.it/dIpNbx,0.5,,,2026-03-28
2026-03-29,Gold,2022,https://boxd.it/dIpOiT,,,,2026-03-28
2026-03-29,Babel,2006,https://boxd.it/dIpOwr,,,,2026-03-28
2026-03-29,Love Actually,2003,https://boxd.it/dIpOJF,,,,2026-03-28
2026-03-29,Underdog,2007,https://boxd.it/dIpP5h,0.5,,,2026-03-28
2026-03-29,Finding Neverland,2004,https://boxd.it/dIpPpB,,,,2026-03-28
2026-03-29,Borderlands,2024,https://boxd.it/dIpPH1,,,,2026-03-28
2026-03-29,Cliffhanger,1993,https://boxd.it/dIpQ7t,,,,2026-03-28
2026-03-29,Cool Runnings,1993,https://boxd.it/dIpQkR,,,,2026-03-28
2026-03-29,Astro Boy,2009,https://boxd.it/dIpQAF,0.5,,,2026-03-28
2026-03-29,The Santa Clause,1994,https://boxd.it/dIpQUl,0.5,,,2026-03-28
2026-03-29,The Happening,2008,https://boxd.it/dIpRd3,0.5,,,2026-03-28
2026-04-20,Joker: Folie à Deux,2024,https://boxd.it/e2kiBz,,,,2026-04-19
2026-04-20,The Delta Force,1986,https://boxd.it/e2kjHX,,,,2026-04-19
2026-04-20,Delta Force 2: The Colombian Connection,1990,https://boxd.it/e2kkdf,,,,2026-04-19
2026-04-20,Code of Silence,1985,https://boxd.it/e2ko8N,,,,2026-04-19
2026-04-20,Airplane II: The Sequel,1982,https://boxd.it/e2kqTh,,,,2026-04-19
2026-04-20,Facing the Giants,2006,https://boxd.it/e2kvQ3,0.5,,,2026-04-19
2026-04-20,Fireproof,2008,https://boxd.it/e2kwBj,0.5,,,2026-04-19
2026-04-20,Courageous,2011,https://boxd.it/e2kxft,0.5,,,2026-04-19
2026-04-20,The Santa Clause 2,2002,https://boxd.it/e2kzYZ,0.5,,,2026-04-19
2026-04-20,Joe Somebody,2001,https://boxd.it/e2kCfj,,,,2026-04-19
2026-04-20,No Escape,2015,https://boxd.it/e2kCV5,,,,2026-04-19
2026-04-20,Premature,2014,https://boxd.it/e2kDkT,,,,2026-04-19
2026-04-20,The Spy Next Door,2010,https://boxd.it/e2kDPH,0.5,,,2026-04-19
2026-04-20,The Art of Racing in the Rain,2019,https://boxd.it/e2kGl1,,,,2026-04-19
2026-04-20,Jackie Brown,1997,https://boxd.it/e2kZnb,,,,2026-04-19
2026-04-20,The World's Fastest Indian,2005,https://boxd.it/e2l00d,,,,2026-04-19
2026-04-20,The Longest Yard,1974,https://boxd.it/e2l0lZ,,,,2026-04-19
2026-04-20,Nightwatch,1997,https://boxd.it/e2l13R,,,,2026-04-19
2026-04-20,Novocaine,2025,https://boxd.it/e2l1nH,,,,2026-04-19
2026-04-20,The Accountant²,2025,https://boxd.it/e2l2iX,,,,2026-04-19
2026-04-20,Cape Fear,1991,https://boxd.it/e2l3uZ,,,,2026-04-19
2026-04-20,VeggieTales: Very Silly Songs,1997,https://boxd.it/e2l4bJ,,,,2026-04-19
2026-04-20,VeggieTales: The Ultimate Silly Song Countdown,2001,https://boxd.it/e2l4wd,,,,2026-04-19
2026-04-20,Mission: Impossible – Fallout,2018,https://boxd.it/e2l6Sl,,,,2026-04-19
2026-04-20,Grumpy Old Men,1993,https://boxd.it/e2l8yR,,,,2026-04-19
2026-04-20,Grumpier Old Men,1995,https://boxd.it/e2l8Vh,,,,2026-04-19
2026-04-20,Beetlejuice Beetlejuice,2024,https://boxd.it/e2l9ph,,,,2026-04-19
2026-04-20,Mickey 17,2025,https://boxd.it/e2lcZ3,0.5,,,2026-04-19
2026-04-20,Brother Bear 2,2006,https://boxd.it/e2lebf,0.5,,,2026-04-19
2026-04-20,Rememory,2017,https://boxd.it/e2lfOx,,,,2026-04-19
2026-04-20,Sonic the Hedgehog 3,2024,https://boxd.it/e2lgdd,,,,2026-04-19
2026-04-20,Slap Shot 3: The Junior League,2008,https://boxd.it/e2lhyV,,,,2026-04-19
2026-04-20,The Late Bloomer,2016,https://boxd.it/e2lhWX,,,,2026-04-19
2026-04-20,Ballerina,2025,https://boxd.it/e2ligt,,,,2026-04-19
2026-04-20,Mission: Impossible III,2006,https://boxd.it/e2lj9X,0.5,,,2026-04-19
2026-04-20,Mission: Impossible II,2000,https://boxd.it/e2ljJL,0.5,,,2026-04-19
2026-04-20,Mission: Impossible – Ghost Protocol,2011,https://boxd.it/e2lkNJ,0.5,,,2026-04-19
2026-04-20,Wolf Man,2025,https://boxd.it/e2lmyr,,,,2026-04-19
2026-04-20,Mission: Impossible – Dead Reckoning,2023,https://boxd.it/e2lnPj,,,,2026-04-19
2026-04-20,Mission: Impossible – Rogue Nation,2015,https://boxd.it/e2lodP,,,,2026-04-19
2026-04-20,"10,000 BC",2008,https://boxd.it/e2lr0p,,,,2026-04-19
2026-04-20,Captain America: Brave New World,2025,https://boxd.it/e2lGkT,,,,2026-04-19
2026-04-20,Payback,1999,https://boxd.it/e2vihh,,,,2026-04-19
2026-04-20,Dawn of the Dead,2004,https://boxd.it/e2vjrR,,,,2026-04-19
2026-04-20,The Boondock Saints,1999,https://boxd.it/e2vjPJ,,,,2026-04-19
2026-04-20,Stand by Me,1986,https://boxd.it/e2vkeJ,0.5,,,2026-04-19
2026-04-20,Drillbit Taylor,2008,https://boxd.it/e2vkEH,0.5,,,2026-04-19
2026-04-20,The Fog,2005,https://boxd.it/e2vlOD,,,,2026-04-19
2026-05-03,Doctor Strange,2016,https://boxd.it/ecZn7V,0.5,,,2026-05-02
2026-05-03,Smokin' Aces,2006,https://boxd.it/ecZokh,,,,2026-05-02
2026-05-03,The Incredible Mr. Limpet,1964,https://boxd.it/ecZp6v,0.5,,,2026-05-02
2026-05-03,Snow Dogs,2002,https://boxd.it/ecZsWf,0.5,,,2026-05-02
2026-05-03,Road House,1989,https://boxd.it/ecZvmf,,,,2026-05-02
2026-05-03,The Animal,2001,https://boxd.it/ecZvUL,,,,2026-05-02
2026-05-03,Firehouse Dog,2007,https://boxd.it/ecZwHN,0.5,,,2026-05-02
2026-05-03,Annapolis,2006,https://boxd.it/ecZzAv,,,,2026-05-02
2026-05-03,Keeping Up with the Steins,2006,https://boxd.it/ecZApX,,,,2026-05-02
2026-05-03,Scoop,2006,https://boxd.it/ecZB6R,,,,2026-05-02
2026-05-03,Deception,2008,https://boxd.it/ecZIs1,,,,2026-05-02
2026-05-03,Tinker Bell,2008,https://boxd.it/ecZIV3,,,,2026-05-02
2026-05-03,Nutty Professor II: The Klumps,2000,https://boxd.it/ecZLgd,,,,2026-05-02
2026-05-03,The Express,2008,https://boxd.it/ecZNXN,,,,2026-05-02
2026-05-03,Panic Room,2002,https://boxd.it/ecZOD5,,,,2026-05-02
2026-05-03,Beverly Hills Chihuahua,2008,https://boxd.it/ecZPyP,0.5,,,2026-05-02
2026-05-03,Soul Surfer,2011,https://boxd.it/ecZQCj,0.5,,,2026-05-02
2026-05-03,Demolition Man,1993,https://boxd.it/ecZTih,,,,2026-05-02
2026-05-03,Raising Arizona,1987,https://boxd.it/ecZUdx,,,,2026-05-02
2026-05-03,The Pacifier,2005,https://boxd.it/ecZYiL,0.5,,,2026-05-02
2026-05-03,A Very Harold & Kumar Christmas,2011,https://boxd.it/ed00G1,,,,2026-05-02
2026-05-03,The Lego Movie 2: The Second Part,2019,https://boxd.it/ed02Ap,,,,2026-05-02
2026-05-03,Mad Max: Fury Road,2015,https://boxd.it/ed03kd,,,,2026-05-02
2026-05-03,Mars Attacks!,1996,https://boxd.it/ed048n,,,,2026-05-02
2026-05-03,Entourage,2015,https://boxd.it/ed056d,0.5,,,2026-05-02
2026-05-03,To Kill a Mockingbird,1962,https://boxd.it/ed05Yf,0.5,,,2026-05-02
2026-05-03,The Voices,2014,https://boxd.it/ed0765,,,,2026-05-02
2026-05-03,The Santa Clause 3: The Escape Clause,2006,https://boxd.it/ed0Ckx,0.5,,,2026-05-02
2026-05-03,The Land Before Time,1988,https://boxd.it/ed0EgH,0.5,,,2026-05-02
2026-05-03,Gone with the Wind,1939,https://boxd.it/ed0Fxz,,,,2026-05-02
2026-05-03,Indiana Jones and the Temple of Doom,1984,https://boxd.it/ed0G15,0.5,,,2026-05-02
2026-05-15,Stuck on You,2003,https://boxd.it/emf6Uz,3,,,2026-05-14
